original_indices                                                                                                       ,y_origs                                                       ,y_targets                                                     ,n_particles,n_nodes,distances                                                                                                                                                                                                                                                                                                                                                                                                  ,n_detections,calls ,detections_per_node                                 ,distribution_scheme        ,source_step,spherical_step,dataset,source_step_multiplier_up,source_step_multiplier_down,detections_all
"[7270, 860]"                                                                                                          ,"[9, 4]"                                                      ,"[3, 7]"                                                      ,5          ,10     ,"[0.749286524425482, 0.17302810635176152]"                                                                                                                                                                                                                                                                                                                                                                 ,499         ,50214 ,"[49, 50, 49, 50, 50, 50, 50, 50, 50, 51]"          ,combination_distribution_2 ,0.2        ,0.05          ,cifar  ,1.05                     ,0.99                       ,"[[145, 178, 68, 97, 81, 107, 82, 99, 81, 85, 93, 80, 67, 83, 63, 90, 82, 77, 72, 98, 70, 75, 91, 78, 81, 89, 76, 78, 76, 77, 69, 83, 72, 98, 80, 90, 93, 72, 91, 86, 86, 77, 91, 95, 93, 83, 87, 84, 101], [155, 94, 103, 56, 96, 74, 105, 73, 88, 82, 86, 93, 61, 77, 86, 64, 97, 78, 80, 67, 76, 91, 84, 92, 74, 99, 81, 79, 79, 75, 81, 72, 77, 79, 100, 79, 85, 93, 72, 94, 83, 87, 81, 95, 90, 86, 89, 86, 83, 100], [143, 189, 61, 101, 77, 98, 74, 94, 100, 83, 90, 66, 73, 81, 61, 94, 81, 72, 71, 82, 82, 75, 93, 71, 98, 85, 70, 74, 80, 67, 80, 80, 90, 100, 80, 93, 97, 70, 93, 85, 95, 76, 100, 95, 96, 81, 97, 93, 92], [145, 97, 102, 57, 108, 113, 74, 86, 92, 88, 82, 89, 75, 62, 79, 68, 83, 87, 64, 67, 85, 76, 75, 92, 76, 95, 82, 72, 74, 77, 76, 81, 84, 78, 101, 72, 95, 100, 76, 98, 73, 93, 76, 94, 101, 90, 85, 89, 81, 99], [150, 100, 104, 66, 100, 109, 82, 95, 75, 86, 80, 93, 77, 68, 77, 69, 79, 78, 70, 66, 77, 80, 74, 90, 78, 94, 77, 76, 81, 80, 74, 78, 86, 78, 96, 83, 100, 95, 73, 96, 79, 96, 90, 89, 98, 99, 86, 95, 85, 84], [137, 96, 100, 59, 95, 82, 100, 80, 101, 79, 82, 80, 83, 62, 78, 64, 92, 65, 69, 69, 67, 90, 77, 80, 86, 91, 73, 71, 80, 74, 75, 75, 84, 90, 88, 90, 93, 96, 91, 94, 86, 90, 85, 97, 99, 90, 89, 84, 84, 99], [154, 95, 104, 65, 99, 90, 95, 94, 92, 78, 80, 89, 82, 66, 75, 72, 83, 75, 70, 70, 99, 71, 74, 94, 84, 71, 71, 77, 69, 83, 68, 75, 93, 82, 100, 87, 99, 101, 84, 95, 78, 96, 83, 88, 97, 100, 89, 98, 93, 85], [137, 95, 105, 66, 98, 88, 97, 87, 94, 85, 87, 88, 87, 61, 80, 72, 79, 78, 66, 69, 89, 75, 74, 90, 86, 80, 73, 74, 70, 80, 62, 73, 85, 82, 86, 95, 88, 99, 79, 98, 73, 87, 82, 100, 98, 86, 91, 84, 81, 97], [153, 97, 109, 61, 97, 90, 90, 83, 99, 86, 83, 94, 86, 63, 75, 72, 77, 81, 68, 65, 99, 77, 77, 95, 87, 91, 67, 72, 67, 82, 71, 69, 84, 75, 89, 92, 90, 96, 76, 93, 81, 77, 84, 92, 91, 86, 89, 89, 89, 97], [154, 96, 103, 65, 99, 89, 91, 81, 100, 88, 90, 86, 74, 65, 76, 60, 85, 73, 74, 69, 86, 85, 81, 88, 84, 82, 76, 83, 68, 85, 66, 68, 79, 77, 81, 101, 94, 97, 79, 93, 84, 82, 83, 90, 93, 86, 89, 88, 84, 95, 83]]"
"[5734, 466]"                                                                                                          ,"[6, 4]"                                                      ,"[9, 6]"                                                      ,5          ,10     ,"[6.840165470771449, 0.8243524997144587]"                                                                                                                                                                                                                                                                                                                                                                  ,680         ,50043 ,"[68, 68, 68, 68, 68, 68, 68, 68, 68, 68]"          ,combination_distribution_2 ,0.2        ,0.05          ,cifar  ,1.05                     ,0.99                       ,"[[138, 158, 85, 68, 77, 70, 92, 77, 71, 69, 61, 58, 59, 56, 58, 59, 53, 63, 54, 55, 55, 54, 59, 52, 53, 55, 56, 58, 51, 58, 58, 54, 53, 56, 55, 54, 53, 51, 53, 56, 56, 53, 52, 53, 55, 53, 54, 53, 53, 52, 55, 53, 54, 55, 53, 55, 55, 54, 57, 61, 55, 54, 53, 53, 58, 56, 54, 54], [159, 148, 82, 71, 87, 77, 80, 74, 81, 58, 67, 65, 54, 55, 55, 61, 54, 53, 56, 53, 57, 57, 55, 57, 58, 53, 56, 53, 57, 53, 54, 52, 53, 53, 58, 51, 58, 56, 54, 55, 52, 52, 55, 53, 53, 53, 54, 55, 56, 54, 58, 53, 53, 53, 57, 54, 55, 54, 52, 55, 55, 58, 55, 57, 52, 53, 56, 55], [140, 160, 85, 68, 79, 68, 67, 80, 75, 78, 60, 63, 62, 57, 61, 61, 63, 54, 54, 56, 55, 56, 55, 61, 54, 56, 52, 54, 52, 53, 52, 52, 52, 55, 56, 56, 52, 52, 53, 57, 54, 56, 54, 56, 52, 51, 53, 55, 52, 52, 52, 53, 53, 55, 52, 54, 55, 54, 57, 59, 55, 55, 53, 53, 56, 57, 54, 54], [152, 146, 81, 74, 82, 78, 67, 81, 70, 62, 63, 64, 62, 60, 58, 61, 58, 55, 55, 53, 57, 58, 59, 62, 55, 58, 56, 57, 57, 53, 59, 56, 51, 55, 54, 53, 51, 54, 53, 54, 52, 54, 56, 55, 54, 54, 53, 55, 57, 53, 56, 53, 52, 54, 59, 52, 53, 55, 51, 55, 59, 54, 53, 56, 52, 53, 55, 56], [133, 162, 90, 74, 81, 61, 77, 73, 74, 66, 64, 64, 60, 61, 63, 60, 52, 52, 54, 58, 57, 60, 57, 56, 56, 59, 55, 59, 54, 56, 57, 52, 53, 54, 54, 56, 56, 55, 54, 55, 55, 53, 55, 55, 56, 54, 55, 52, 53, 55, 52, 53, 55, 55, 52, 54, 53, 55, 59, 57, 55, 54, 52, 53, 59, 56, 54, 53], [155, 144, 78, 67, 89, 84, 76, 71, 70, 59, 67, 56, 61, 62, 60, 55, 60, 58, 56, 56, 57, 55, 54, 58, 55, 52, 52, 53, 58, 55, 55, 54, 56, 55, 55, 54, 55, 56, 55, 55, 55, 53, 53, 53, 55, 54, 53, 54, 53, 53, 53, 54, 54, 54, 60, 53, 55, 54, 53, 53, 57, 57, 55, 57, 52, 52, 55, 57], [127, 193, 85, 93, 59, 66, 73, 80, 74, 75, 66, 58, 59, 62, 58, 59, 57, 60, 54, 58, 54, 58, 57, 62, 53, 58, 56, 56, 53, 54, 54, 52, 52, 54, 55, 56, 52, 53, 55, 56, 55, 55, 54, 53, 54, 56, 55, 52, 53, 53, 52, 55, 53, 55, 52, 54, 54, 55, 60, 57, 54, 54, 53, 53, 59, 55, 54, 53], [127, 180, 93, 69, 78, 76, 70, 86, 73, 68, 68, 64, 57, 58, 61, 62, 55, 58, 57, 56, 59, 56, 56, 63, 59, 56, 55, 57, 54, 52, 57, 52, 52, 55, 56, 52, 53, 55, 56, 55, 55, 54, 52, 56, 56, 55, 53, 54, 56, 54, 55, 53, 54, 55, 57, 53, 57, 53, 51, 57, 55, 55, 55, 55, 52, 53, 55, 57], [154, 135, 87, 95, 61, 70, 87, 76, 72, 65, 58, 67, 58, 61, 58, 60, 57, 54, 55, 54, 56, 64, 53, 58, 57, 52, 54, 55, 52, 55, 54, 59, 51, 56, 57, 55, 52, 55, 53, 54, 55, 54, 53, 55, 51, 53, 54, 52, 52, 56, 54, 55, 53, 55, 53, 56, 53, 54, 60, 58, 53, 55, 54, 55, 59, 54, 53, 54], [159, 140, 79, 75, 74, 90, 76, 82, 82, 62, 64, 59, 62, 62, 57, 57, 54, 54, 58, 53, 54, 55, 60, 59, 55, 56, 55, 55, 56, 52, 57, 56, 58, 55, 54, 52, 55, 56, 55, 53, 53, 52, 53, 54, 54, 53, 53, 55, 56, 53, 55, 52, 53, 56, 55, 52, 54, 55, 51, 55, 57, 55, 54, 56, 52, 53, 54, 57]]"
"[4426, 8322]"                                                                                                         ,"[0, 4]"                                                      ,"[7, 5]"                                                      ,5          ,10     ,"[2.6791517976407238, 0.6823905620155069]"                                                                                                                                                                                                                                                                                                                                                                 ,575         ,50004 ,"[59, 58, 57, 57, 56, 58, 57, 58, 57, 58]"          ,combination_distribution_2 ,0.2        ,0.05          ,cifar  ,1.05                     ,0.99                       ,"[[62, 68, 61, 58, 61, 59, 59, 59, 52, 60, 66, 70, 60, 57, 99, 76, 86, 78, 86, 94, 93, 99, 101, 73, 92, 82, 102, 93, 89, 86, 82, 87, 87, 75, 80, 86, 76, 70, 73, 69, 68, 69, 63, 95, 90, 83, 84, 61, 63, 81, 66, 60, 70, 56, 51, 51, 51, 51, 51], [239, 61, 63, 60, 58, 61, 66, 57, 55, 62, 65, 55, 67, 56, 72, 93, 81, 88, 68, 101, 76, 104, 100, 87, 81, 78, 88, 98, 83, 94, 98, 68, 93, 71, 78, 89, 79, 89, 69, 75, 75, 66, 65, 96, 91, 95, 69, 67, 70, 71, 68, 87, 81, 55, 112, 51, 51, 51], [63, 65, 64, 58, 59, 55, 57, 58, 53, 73, 54, 73, 54, 68, 93, 73, 87, 69, 100, 85, 100, 98, 96, 75, 81, 100, 99, 87, 101, 90, 70, 79, 79, 75, 80, 90, 75, 71, 73, 69, 67, 70, 84, 96, 79, 79, 85, 64, 58, 86, 61, 107, 56, 51, 109, 51, 51], [71, 66, 62, 58, 59, 68, 56, 57, 62, 70, 54, 66, 57, 67, 99, 82, 88, 68, 98, 77, 97, 95, 99, 83, 86, 91, 99, 81, 93, 78, 79, 95, 78, 77, 83, 84, 78, 71, 74, 73, 63, 70, 92, 92, 103, 73, 80, 66, 72, 69, 88, 72, 52, 118, 51, 51, 51], [66, 60, 62, 60, 59, 59, 56, 58, 56, 73, 56, 70, 57, 74, 89, 82, 84, 77, 100, 84, 97, 103, 86, 79, 75, 99, 97, 78, 101, 73, 78, 89, 96, 76, 80, 87, 75, 70, 73, 65, 71, 63, 89, 86, 79, 73, 85, 66, 59, 84, 88, 90, 56, 126, 51, 51], [70, 57, 64, 56, 55, 56, 67, 57, 58, 62, 69, 53, 61, 54, 80, 87, 88, 86, 84, 96, 97, 90, 90, 71, 82, 74, 102, 95, 66, 101, 90, 70, 84, 75, 79, 88, 79, 83, 71, 72, 68, 69, 65, 93, 99, 103, 84, 66, 70, 64, 63, 88, 56, 51, 51, 113, 51, 51], [163, 63, 65, 63, 61, 62, 59, 57, 58, 59, 72, 55, 71, 54, 77, 85, 82, 88, 73, 101, 84, 96, 93, 86, 73, 72, 94, 100, 87, 100, 92, 73, 80, 92, 76, 81, 83, 81, 72, 72, 64, 75, 65, 88, 84, 79, 74, 86, 66, 65, 88, 85, 80, 56, 124, 51, 51], [64, 63, 56, 59, 54, 66, 56, 60, 62, 67, 55, 53, 59, 61, 101, 75, 91, 69, 97, 86, 98, 96, 99, 81, 90, 91, 99, 81, 95, 83, 80, 94, 78, 85, 83, 79, 85, 71, 76, 72, 68, 63, 95, 91, 103, 83, 66, 71, 63, 63, 87, 56, 51, 51, 51, 51, 51, 51], [245, 64, 65, 61, 62, 59, 63, 59, 56, 57, 76, 57, 67, 55, 77, 88, 84, 92, 77, 90, 99, 99, 100, 73, 79, 64, 101, 93, 77, 105, 88, 71, 78, 85, 84, 84, 86, 74, 72, 72, 62, 73, 66, 77, 89, 78, 82, 86, 66, 63, 85, 78, 95, 56, 121, 51, 51], [149, 65, 63, 55, 57, 57, 67, 58, 56, 62, 66, 56, 54, 57, 63, 93, 82, 80, 75, 97, 87, 98, 92, 101, 77, 95, 94, 97, 85, 95, 84, 80, 94, 79, 86, 90, 78, 77, 73, 73, 64, 71, 66, 97, 99, 99, 76, 63, 66, 79, 70, 83, 73, 51, 107, 51, 51, 51]]"
"[769, 6949]"                                                                                                          ,"[4, 0]"                                                      ,"[7, 1]"                                                      ,5          ,10     ,"[0.6712890137730416, 6.009974196535694]"                                                                                                                                                                                                                                                                                                                                                                  ,794         ,50005 ,"[79, 79, 79, 79, 80, 80, 80, 80, 79, 79]"          ,combination_distribution_2 ,0.2        ,0.05          ,cifar  ,1.05                     ,0.99                       ,"[[97, 68, 61, 56, 61, 73, 92, 70, 69, 69, 85, 57, 72, 63, 56, 70, 54, 57, 57, 55, 54, 56, 54, 52, 51, 54, 54, 51, 59, 55, 58, 53, 53, 52, 53, 53, 53, 52, 57, 56, 53, 55, 55, 54, 52, 52, 55, 53, 53, 51, 51, 53, 54, 52, 52, 52, 51, 51, 51, 52, 53, 52, 52, 53, 51, 51, 55, 58, 52, 53, 52, 52, 53, 53, 56, 53, 52, 52, 53], [97, 71, 58, 62, 59, 83, 84, 67, 73, 86, 75, 74, 61, 63, 61, 55, 57, 60, 53, 58, 56, 55, 54, 51, 54, 55, 53, 56, 51, 53, 56, 54, 56, 57, 55, 55, 56, 54, 53, 54, 53, 53, 53, 57, 54, 54, 54, 54, 53, 53, 53, 57, 51, 52, 53, 56, 53, 51, 54, 53, 51, 53, 54, 54, 54, 53, 51, 51, 54, 52, 55, 51, 52, 51, 53, 51, 53, 53, 55], [98, 71, 61, 62, 67, 75, 80, 63, 69, 79, 75, 57, 67, 56, 68, 63, 54, 59, 63, 56, 53, 52, 53, 53, 55, 52, 53, 52, 53, 55, 55, 54, 54, 56, 57, 55, 57, 56, 57, 57, 55, 56, 52, 54, 55, 52, 52, 52, 51, 59, 52, 52, 52, 52, 52, 53, 51, 52, 52, 53, 54, 53, 51, 51, 51, 51, 54, 56, 52, 54, 51, 53, 55, 55, 54, 55, 52, 52, 51], [68, 63, 67, 60, 62, 75, 93, 67, 61, 71, 78, 66, 66, 60, 65, 68, 60, 68, 60, 54, 58, 56, 54, 53, 58, 54, 52, 52, 53, 57, 56, 56, 53, 54, 54, 56, 54, 54, 55, 56, 52, 54, 52, 53, 52, 53, 54, 53, 52, 54, 53, 52, 53, 51, 51, 52, 51, 53, 53, 51, 52, 52, 54, 54, 56, 54, 53, 51, 52, 52, 54, 54, 52, 52, 52, 51, 53, 52, 53], [68, 74, 63, 63, 60, 74, 90, 69, 57, 71, 77, 64, 73, 59, 60, 67, 59, 60, 59, 55, 55, 53, 52, 55, 54, 52, 57, 53, 55, 57, 55, 56, 55, 57, 54, 54, 55, 54, 55, 54, 53, 55, 52, 54, 53, 52, 53, 51, 52, 52, 54, 52, 53, 53, 51, 51, 51, 54, 54, 52, 51, 52, 51, 51, 51, 52, 51, 53, 55, 52, 53, 51, 52, 54, 54, 54, 54, 51, 56, 51], [66, 68, 66, 64, 60, 73, 88, 75, 65, 63, 79, 69, 69, 59, 64, 65, 53, 61, 53, 54, 56, 54, 58, 54, 56, 55, 54, 54, 54, 56, 53, 59, 52, 56, 53, 53, 53, 54, 53, 54, 54, 52, 53, 58, 53, 51, 53, 53, 53, 55, 53, 52, 53, 54, 54, 51, 53, 53, 54, 51, 52, 52, 54, 54, 54, 55, 52, 51, 51, 53, 52, 56, 51, 53, 51, 52, 51, 53, 51, 55], [199, 70, 73, 62, 61, 63, 74, 91, 71, 65, 65, 86, 63, 75, 55, 59, 61, 56, 59, 59, 55, 55, 53, 56, 52, 55, 51, 54, 54, 56, 53, 59, 53, 52, 56, 59, 54, 58, 53, 59, 58, 54, 53, 53, 55, 53, 51, 55, 53, 53, 53, 52, 52, 52, 53, 54, 53, 51, 52, 53, 51, 51, 53, 52, 52, 51, 52, 51, 54, 55, 53, 51, 51, 52, 55, 58, 52, 53, 53, 53], [199, 95, 73, 55, 60, 66, 74, 84, 68, 76, 74, 76, 57, 78, 64, 63, 61, 58, 56, 53, 58, 53, 55, 54, 54, 51, 51, 55, 54, 54, 57, 54, 55, 56, 57, 52, 56, 55, 53, 51, 57, 52, 53, 54, 53, 54, 53, 54, 51, 52, 51, 53, 54, 54, 53, 52, 52, 54, 54, 54, 54, 51, 54, 54, 51, 55, 54, 51, 51, 55, 51, 54, 52, 52, 51, 51, 52, 52, 52, 51], [98, 67, 61, 59, 64, 72, 83, 67, 73, 72, 83, 58, 78, 63, 64, 63, 56, 65, 58, 59, 55, 54, 53, 56, 53, 53, 53, 57, 59, 53, 56, 53, 54, 51, 52, 56, 54, 58, 59, 51, 53, 54, 53, 52, 56, 55, 52, 53, 51, 51, 53, 51, 57, 52, 53, 52, 53, 51, 51, 51, 52, 52, 52, 51, 52, 51, 53, 56, 51, 54, 53, 52, 53, 55, 53, 53, 51, 55, 51], [65, 62, 63, 60, 60, 65, 81, 80, 76, 68, 82, 65, 76, 58, 61, 67, 57, 59, 58, 55, 55, 53, 58, 54, 52, 53, 53, 53, 59, 60, 57, 57, 57, 57, 56, 54, 55, 57, 56, 54, 52, 54, 54, 51, 51, 54, 57, 58, 52, 51, 56, 54, 53, 53, 53, 52, 58, 52, 53, 52, 51, 54, 54, 52, 55, 57, 51, 51, 55, 51, 54, 53, 52, 51, 51, 51, 51, 51, 52]]"
"[6420, 3385]"                                                                                                         ,"[7, 8]"                                                      ,"[0, 5]"                                                      ,5          ,10     ,"[0.5798211384208024, 9.51654949550773]"                                                                                                                                                                                                                                                                                                                                                                   ,808         ,50046 ,"[80, 81, 80, 81, 83, 84, 80, 80, 79, 80]"          ,combination_distribution_2 ,0.2        ,0.05          ,cifar  ,1.05                     ,0.99                       ,"[[101, 59, 53, 54, 59, 57, 55, 53, 57, 53, 53, 52, 54, 53, 53, 54, 54, 56, 51, 59, 55, 54, 53, 54, 54, 53, 55, 52, 54, 55, 51, 51, 51, 51, 51, 51, 52, 51, 55, 51, 51, 51, 51, 53, 53, 51, 51, 53, 54, 52, 51, 54, 52, 51, 52, 53, 53, 52, 51, 51, 51, 53, 51, 51, 51, 51, 52, 52, 51, 51, 51, 56, 56, 58, 59, 59, 60, 60, 58, 53], [98, 59, 58, 56, 55, 54, 56, 55, 54, 52, 52, 54, 56, 57, 53, 53, 51, 52, 53, 59, 52, 53, 52, 53, 51, 53, 52, 53, 52, 52, 51, 51, 52, 53, 58, 51, 51, 51, 51, 51, 51, 52, 51, 56, 52, 51, 51, 51, 51, 52, 51, 51, 53, 51, 52, 51, 51, 52, 54, 52, 53, 51, 53, 55, 54, 54, 53, 51, 56, 56, 52, 51, 51, 51, 51, 51, 51, 51, 51, 51, 60], [258, 57, 55, 57, 55, 58, 56, 53, 55, 53, 54, 54, 52, 53, 58, 51, 54, 53, 53, 55, 53, 57, 52, 52, 52, 55, 53, 53, 53, 51, 52, 55, 51, 51, 51, 51, 52, 57, 54, 51, 52, 52, 51, 51, 51, 51, 56, 54, 53, 53, 51, 52, 53, 52, 52, 51, 54, 51, 51, 52, 51, 55, 51, 51, 51, 51, 51, 51, 52, 51, 51, 55, 56, 58, 57, 57, 63, 59, 60, 56], [208, 91, 58, 57, 55, 54, 59, 55, 59, 53, 54, 54, 53, 57, 56, 53, 51, 51, 53, 54, 57, 51, 54, 52, 52, 52, 53, 56, 54, 53, 53, 53, 51, 54, 52, 51, 52, 52, 51, 51, 54, 51, 52, 53, 53, 52, 51, 51, 51, 53, 51, 53, 51, 51, 51, 53, 51, 52, 52, 54, 52, 51, 51, 55, 53, 52, 54, 54, 51, 56, 56, 51, 51, 51, 51, 51, 51, 51, 51, 51, 51], [51, 51, 255, 98, 58, 57, 55, 57, 57, 52, 52, 51, 54, 53, 54, 52, 56, 53, 51, 53, 56, 57, 58, 54, 52, 55, 54, 54, 51, 53, 52, 51, 54, 56, 51, 52, 54, 53, 52, 52, 53, 52, 55, 51, 51, 51, 51, 52, 52, 52, 52, 51, 55, 51, 52, 51, 51, 52, 51, 54, 51, 51, 52, 54, 52, 51, 51, 51, 51, 51, 51, 51, 51, 52, 57, 56, 58, 59, 58, 60, 60, 60, 51], [51, 51, 157, 174, 58, 55, 59, 56, 52, 54, 56, 53, 53, 51, 55, 53, 58, 53, 54, 52, 55, 55, 58, 51, 53, 53, 51, 54, 54, 54, 55, 57, 53, 54, 52, 53, 52, 52, 52, 55, 51, 51, 51, 51, 53, 54, 51, 52, 51, 52, 52, 51, 53, 51, 51, 51, 51, 51, 53, 51, 52, 51, 52, 52, 51, 54, 53, 54, 53, 52, 54, 55, 54, 53, 51, 51, 51, 51, 51, 51, 51, 51, 51, 58], [199, 58, 55, 61, 55, 57, 52, 52, 55, 53, 55, 53, 51, 56, 57, 52, 55, 52, 51, 60, 57, 58, 55, 55, 51, 51, 54, 52, 53, 51, 52, 52, 53, 53, 51, 51, 51, 56, 53, 54, 51, 53, 53, 51, 51, 53, 51, 52, 51, 55, 52, 51, 51, 52, 51, 52, 53, 52, 51, 51, 51, 52, 52, 51, 51, 51, 51, 51, 51, 51, 51, 56, 59, 60, 58, 59, 62, 62, 59, 55], [98, 56, 56, 56, 53, 56, 55, 60, 54, 54, 56, 55, 56, 53, 55, 54, 56, 52, 56, 56, 53, 53, 53, 56, 51, 54, 53, 54, 51, 53, 51, 56, 51, 51, 52, 53, 53, 51, 51, 52, 51, 54, 51, 51, 51, 52, 51, 51, 52, 52, 52, 51, 53, 51, 51, 52, 51, 51, 55, 51, 51, 52, 55, 54, 53, 52, 54, 51, 55, 54, 51, 51, 51, 51, 51, 51, 51, 51, 51, 51], [77, 57, 58, 52, 57, 57, 53, 53, 57, 53, 54, 52, 53, 54, 53, 55, 52, 52, 53, 57, 54, 56, 57, 53, 56, 51, 53, 55, 55, 52, 53, 52, 54, 53, 52, 51, 54, 52, 52, 51, 51, 52, 53, 51, 51, 53, 52, 54, 52, 51, 51, 53, 52, 52, 53, 53, 53, 52, 52, 51, 53, 51, 51, 51, 51, 51, 51, 53, 51, 51, 54, 56, 60, 57, 59, 60, 63, 61, 58], [97, 58, 60, 54, 55, 53, 56, 57, 53, 53, 54, 56, 55, 53, 55, 52, 52, 55, 55, 55, 53, 53, 53, 52, 54, 52, 55, 55, 54, 51, 51, 53, 52, 53, 56, 51, 54, 52, 51, 51, 55, 55, 54, 51, 52, 52, 51, 51, 51, 52, 52, 51, 51, 52, 52, 51, 51, 52, 54, 54, 51, 51, 54, 57, 54, 54, 51, 53, 54, 54, 51, 51, 51, 51, 51, 51, 51, 51, 51, 54]]"
"[6396, 2558]"                                                                                                         ,"[4, 4]"                                                      ,"[8, 9]"                                                      ,5          ,10     ,"[1.575104050857104, 0.7721789660902318]"                                                                                                                                                                                                                                                                                                                                                                  ,412         ,50190 ,"[41, 42, 43, 40, 41, 41, 41, 41, 41, 41]"          ,combination_distribution_2 ,0.2        ,0.05          ,cifar  ,1.05                     ,0.99                       ,"[[146, 148, 134, 121, 129, 95, 120, 141, 128, 136, 122, 108, 99, 95, 92, 84, 93, 85, 94, 92, 70, 84, 73, 78, 100, 88, 100, 97, 108, 110, 111, 101, 125, 132, 89, 92, 82, 93, 98, 80, 66], [151, 143, 112, 134, 99, 88, 123, 136, 105, 136, 112, 120, 94, 100, 99, 95, 91, 75, 89, 85, 92, 73, 82, 82, 83, 93, 93, 104, 98, 99, 115, 117, 106, 112, 135, 81, 90, 78, 96, 90, 77, 71], [284, 148, 147, 125, 135, 126, 103, 112, 146, 125, 123, 106, 100, 69, 97, 92, 94, 84, 81, 89, 82, 91, 67, 82, 75, 83, 109, 86, 94, 110, 99, 94, 117, 107, 127, 125, 87, 94, 78, 98, 92, 76, 68], [307, 120, 119, 132, 98, 121, 148, 132, 124, 123, 103, 91, 105, 101, 83, 95, 97, 89, 92, 70, 78, 73, 82, 97, 102, 100, 111, 101, 105, 122, 102, 125, 133, 78, 94, 76, 91, 94, 74, 65], [295, 133, 125, 140, 126, 94, 133, 133, 133, 118, 106, 96, 107, 88, 76, 92, 89, 85, 88, 73, 80, 74, 80, 96, 94, 100, 98, 99, 105, 117, 100, 104, 134, 105, 89, 77, 90, 88, 74, 84, 64], [146, 152, 135, 115, 125, 99, 140, 134, 123, 141, 120, 100, 98, 95, 99, 82, 91, 90, 87, 92, 70, 79, 76, 80, 98, 102, 86, 98, 102, 114, 117, 97, 125, 132, 96, 85, 77, 94, 99, 79, 66], [285, 135, 119, 127, 97, 125, 137, 131, 112, 99, 114, 72, 88, 101, 84, 83, 90, 94, 77, 96, 65, 85, 78, 81, 97, 94, 81, 101, 102, 109, 117, 105, 117, 130, 98, 86, 80, 92, 98, 77, 65], [260, 76, 146, 131, 114, 144, 117, 126, 118, 115, 113, 90, 93, 98, 92, 87, 79, 88, 81, 95, 68, 84, 80, 78, 106, 91, 86, 98, 101, 113, 118, 98, 126, 127, 99, 86, 81, 95, 97, 78, 64], [264, 72, 155, 123, 104, 142, 122, 121, 120, 119, 109, 89, 92, 108, 87, 82, 80, 85, 88, 96, 69, 83, 82, 80, 99, 104, 86, 106, 91, 102, 113, 97, 122, 120, 101, 92, 76, 98, 99, 71, 70], [250, 75, 145, 133, 106, 126, 135, 121, 124, 112, 117, 94, 93, 108, 93, 88, 77, 85, 88, 94, 64, 86, 86, 74, 106, 94, 103, 96, 90, 99, 112, 99, 117, 120, 98, 88, 78, 90, 94, 85, 73]]"
"[2747, 1899]"                                                                                                         ,"[3, 7]"                                                      ,"[2, 6]"                                                      ,5          ,10     ,"[1.5787867481573445, 2.2129874862404906]"                                                                                                                                                                                                                                                                                                                                                                 ,406         ,50037 ,"[41, 41, 40, 40, 40, 41, 41, 40, 41, 41]"          ,combination_distribution_2 ,0.2        ,0.05          ,cifar  ,1.05                     ,0.99                       ,"[[308, 172, 151, 99, 76, 99, 118, 97, 93, 92, 102, 132, 99, 109, 89, 81, 112, 110, 110, 106, 112, 123, 112, 104, 131, 115, 129, 99, 106, 67, 61, 56, 76, 60, 78, 60, 56, 56, 55, 57, 55], [199, 194, 174, 131, 81, 83, 114, 111, 90, 93, 89, 139, 119, 109, 86, 91, 99, 105, 128, 107, 105, 114, 125, 103, 125, 126, 128, 105, 111, 74, 63, 57, 69, 60, 79, 52, 56, 53, 53, 55, 55], [394, 211, 111, 81, 104, 97, 119, 90, 91, 101, 146, 87, 104, 81, 90, 109, 105, 132, 107, 111, 131, 107, 95, 113, 125, 129, 105, 108, 76, 62, 57, 74, 62, 77, 55, 58, 58, 56, 60, 60], [411, 159, 147, 85, 104, 103, 118, 90, 95, 97, 145, 97, 103, 82, 85, 122, 106, 114, 119, 112, 124, 124, 113, 133, 101, 133, 94, 109, 70, 59, 64, 66, 65, 73, 52, 58, 56, 52, 57, 56], [199, 267, 138, 103, 83, 104, 97, 112, 95, 91, 101, 154, 92, 107, 81, 87, 117, 112, 114, 124, 112, 115, 123, 117, 138, 97, 134, 92, 107, 69, 58, 57, 76, 63, 73, 54, 57, 57, 58, 62], [198, 260, 146, 113, 78, 106, 101, 117, 98, 92, 137, 119, 99, 94, 82, 82, 105, 117, 118, 125, 113, 117, 130, 114, 124, 105, 129, 87, 104, 63, 62, 61, 77, 65, 72, 53, 57, 53, 55, 56, 58], [246, 164, 180, 132, 76, 107, 99, 123, 91, 92, 112, 138, 98, 103, 95, 82, 113, 119, 110, 118, 112, 108, 114, 108, 131, 108, 136, 93, 109, 65, 58, 58, 79, 64, 71, 55, 54, 54, 58, 62, 55], [310, 166, 132, 117, 87, 100, 109, 110, 97, 96, 114, 118, 102, 103, 89, 91, 134, 105, 140, 122, 110, 126, 107, 106, 128, 123, 101, 108, 79, 65, 56, 72, 63, 70, 63, 52, 52, 53, 56, 58], [224, 167, 210, 114, 76, 102, 105, 122, 85, 100, 95, 141, 106, 109, 85, 93, 120, 110, 111, 100, 111, 124, 116, 111, 133, 105, 135, 108, 95, 66, 57, 56, 79, 63, 73, 55, 53, 52, 57, 61, 57], [193, 195, 211, 94, 80, 84, 125, 109, 103, 99, 105, 141, 106, 108, 85, 94, 112, 118, 108, 103, 119, 133, 119, 119, 130, 109, 112, 81, 108, 64, 56, 56, 75, 57, 78, 54, 52, 53, 54, 56, 55]]"
"[1267, 3890]"                                                                                                         ,"[4, 7]"                                                      ,"[8, 6]"                                                      ,5          ,10     ,"[1.0137307336256178, 1.2105935516837705]"                                                                                                                                                                                                                                                                                                                                                                 ,388         ,50128 ,"[38, 39, 39, 39, 39, 39, 39, 39, 38, 39]"          ,combination_distribution_2 ,0.2        ,0.05          ,cifar  ,1.05                     ,0.99                       ,"[[203, 129, 179, 149, 197, 179, 96, 139, 109, 108, 106, 68, 82, 71, 68, 68, 86, 92, 78, 69, 80, 80, 75, 69, 87, 85, 65, 82, 93, 85, 88, 86, 81, 92, 86, 86, 93, 82], [191, 125, 154, 157, 208, 192, 102, 121, 118, 102, 89, 83, 59, 84, 68, 67, 86, 84, 92, 65, 68, 85, 73, 76, 81, 91, 71, 83, 82, 97, 90, 79, 87, 94, 92, 69, 87, 78, 84], [195, 137, 168, 162, 199, 177, 93, 118, 133, 107, 101, 64, 70, 78, 74, 68, 83, 88, 73, 69, 62, 83, 80, 73, 76, 88, 79, 76, 80, 101, 89, 79, 82, 97, 87, 73, 85, 81, 77], [183, 131, 157, 175, 188, 192, 97, 124, 120, 98, 88, 83, 64, 81, 70, 68, 82, 70, 78, 68, 68, 72, 79, 76, 72, 86, 89, 83, 76, 90, 92, 92, 80, 101, 91, 81, 81, 88, 81], [203, 126, 178, 141, 183, 198, 101, 119, 133, 107, 95, 77, 70, 75, 76, 82, 76, 83, 68, 68, 64, 80, 72, 77, 77, 95, 77, 82, 83, 97, 84, 83, 83, 93, 95, 79, 79, 80, 74], [195, 121, 157, 175, 200, 187, 97, 139, 99, 99, 86, 89, 66, 76, 68, 73, 86, 81, 72, 73, 71, 73, 64, 75, 80, 98, 72, 80, 75, 89, 86, 85, 87, 100, 85, 86, 83, 97, 82], [203, 127, 178, 141, 170, 191, 114, 147, 111, 97, 102, 76, 77, 74, 72, 79, 83, 80, 74, 72, 65, 77, 72, 75, 74, 89, 70, 80, 79, 84, 86, 91, 88, 94, 89, 80, 89, 90, 76], [195, 135, 171, 138, 165, 196, 116, 133, 132, 89, 86, 86, 70, 81, 71, 69, 83, 89, 69, 73, 73, 80, 65, 75, 81, 86, 66, 83, 71, 87, 88, 89, 83, 101, 85, 86, 83, 88, 82], [196, 135, 180, 139, 170, 191, 114, 126, 133, 95, 103, 74, 77, 72, 73, 68, 83, 90, 82, 77, 78, 69, 79, 67, 85, 84, 65, 85, 82, 91, 86, 89, 88, 95, 88, 86, 101, 84], [184, 140, 183, 141, 170, 210, 103, 140, 108, 98, 96, 76, 74, 76, 69, 69, 86, 88, 85, 76, 67, 84, 79, 65, 76, 86, 68, 78, 79, 93, 96, 91, 85, 92, 91, 83, 80, 79, 70]]"
"[8433, 7513]"                                                                                                         ,"[3, 0]"                                                      ,"[9, 4]"                                                      ,5          ,10     ,"[5.236480400560674, 1.6886921361704554]"                                                                                                                                                                                                                                                                                                                                                                  ,592         ,50006 ,"[62, 57, 61, 57, 60, 57, 62, 57, 61, 58]"          ,combination_distribution_2 ,0.2        ,0.05          ,cifar  ,1.05                     ,0.99                       ,"[[127, 82, 65, 64, 80, 66, 71, 65, 69, 59, 61, 61, 58, 55, 58, 54, 51, 55, 59, 61, 59, 62, 60, 52, 63, 67, 66, 78, 58, 64, 55, 57, 55, 55, 59, 53, 56, 53, 58, 56, 56, 57, 53, 54, 61, 51, 53, 64, 51, 51, 51, 51, 51, 51, 51, 51, 51, 51, 51, 51, 51, 91], [199, 89, 65, 60, 77, 69, 75, 64, 65, 60, 52, 58, 56, 57, 58, 59, 58, 55, 57, 63, 61, 58, 64, 58, 64, 64, 81, 68, 61, 63, 56, 55, 54, 59, 56, 55, 53, 57, 51, 56, 57, 56, 59, 52, 57, 63, 52, 60, 62, 62, 65, 69, 72, 87, 78, 61, 51], [155, 86, 71, 59, 83, 75, 72, 62, 65, 61, 55, 61, 55, 52, 58, 60, 55, 55, 53, 67, 58, 56, 60, 67, 71, 66, 76, 68, 64, 62, 55, 57, 58, 54, 58, 57, 56, 55, 57, 54, 58, 52, 53, 57, 56, 51, 59, 58, 51, 51, 51, 51, 51, 51, 51, 51, 51, 51, 51, 51, 51], [172, 79, 69, 61, 76, 73, 68, 62, 64, 62, 55, 61, 59, 58, 59, 54, 52, 56, 59, 67, 57, 57, 61, 58, 54, 69, 69, 72, 63, 59, 55, 54, 56, 58, 53, 57, 55, 58, 51, 55, 55, 55, 60, 54, 51, 66, 55, 53, 64, 60, 67, 66, 72, 79, 90, 61, 56], [151, 92, 66, 65, 80, 73, 70, 57, 55, 62, 57, 61, 55, 55, 56, 54, 54, 53, 55, 64, 58, 56, 63, 56, 71, 58, 83, 67, 65, 63, 58, 58, 59, 56, 59, 58, 54, 56, 53, 54, 58, 52, 54, 59, 55, 51, 64, 52, 51, 51, 51, 51, 51, 51, 51, 51, 51, 51, 51, 51], [129, 80, 74, 66, 73, 72, 72, 58, 59, 64, 52, 59, 60, 58, 60, 54, 53, 56, 56, 64, 55, 62, 65, 51, 67, 62, 65, 79, 62, 63, 56, 54, 54, 59, 54, 54, 54, 53, 51, 53, 57, 55, 56, 59, 51, 64, 59, 51, 63, 61, 64, 67, 72, 72, 98, 66, 56], [156, 76, 72, 67, 70, 68, 69, 60, 66, 62, 58, 58, 54, 53, 61, 57, 54, 58, 57, 60, 54, 60, 56, 56, 63, 69, 70, 77, 59, 62, 56, 57, 56, 53, 58, 57, 54, 55, 58, 54, 55, 56, 54, 55, 62, 51, 52, 64, 51, 51, 51, 51, 51, 51, 51, 51, 51, 51, 51, 51, 51, 74], [154, 78, 74, 65, 71, 64, 68, 62, 64, 65, 58, 55, 65, 56, 57, 57, 56, 58, 56, 58, 57, 59, 62, 64, 57, 62, 65, 78, 61, 66, 56, 54, 56, 58, 55, 56, 53, 54, 51, 53, 57, 57, 58, 57, 52, 65, 57, 53, 62, 62, 67, 66, 73, 73, 100, 61, 56], [148, 79, 72, 65, 71, 69, 76, 59, 62, 63, 55, 60, 56, 52, 60, 57, 58, 57, 58, 65, 61, 59, 62, 59, 75, 64, 83, 57, 63, 64, 57, 56, 57, 53, 58, 54, 56, 55, 59, 53, 60, 52, 54, 57, 57, 51, 59, 58, 51, 51, 51, 51, 51, 51, 51, 51, 51, 51, 51, 51, 94], [173, 74, 75, 67, 71, 64, 70, 62, 62, 64, 53, 60, 65, 57, 57, 57, 56, 57, 53, 58, 59, 58, 65, 53, 61, 64, 69, 79, 60, 63, 59, 56, 56, 59, 55, 54, 54, 54, 51, 53, 57, 56, 58, 56, 51, 66, 56, 52, 64, 62, 66, 67, 73, 73, 88, 66, 56, 51]]"
"[5486, 8226]"                                                                                                         ,"[3, 8]"                                                      ,"[6, 0]"                                                      ,5          ,10     ,"[0.7100881396185742, 0.13249740566515308]"                                                                                                                                                                                                                                                                                                                                                                ,523         ,50111 ,"[52, 53, 52, 52, 52, 52, 53, 53, 52, 52]"          ,combination_distribution_2 ,0.2        ,0.05          ,cifar  ,1.05                     ,0.99                       ,"[[183, 99, 92, 98, 103, 102, 64, 64, 89, 77, 97, 85, 100, 88, 79, 77, 107, 100, 88, 94, 88, 86, 85, 83, 76, 89, 94, 92, 90, 95, 84, 70, 82, 80, 76, 95, 84, 84, 77, 80, 92, 99, 95, 64, 101, 84, 94, 69, 94, 98, 100, 83], [221, 94, 82, 93, 88, 108, 74, 68, 94, 75, 94, 90, 95, 77, 76, 81, 92, 88, 95, 100, 91, 92, 84, 94, 74, 84, 92, 97, 81, 94, 77, 91, 72, 83, 68, 81, 84, 90, 84, 72, 93, 82, 99, 84, 77, 79, 83, 88, 74, 101, 101, 97, 81], [220, 100, 86, 93, 100, 111, 63, 66, 87, 81, 94, 98, 96, 104, 80, 90, 83, 103, 90, 98, 80, 87, 82, 88, 66, 91, 98, 91, 81, 94, 97, 68, 85, 64, 71, 97, 79, 89, 82, 82, 95, 89, 93, 66, 96, 86, 87, 79, 100, 96, 99, 77], [218, 100, 87, 96, 86, 108, 71, 64, 86, 78, 95, 93, 94, 89, 78, 85, 95, 87, 81, 101, 92, 82, 90, 97, 71, 87, 88, 100, 75, 94, 84, 94, 71, 79, 68, 99, 83, 84, 83, 78, 100, 86, 93, 74, 87, 70, 88, 78, 97, 97, 99, 88], [184, 98, 92, 96, 92, 98, 72, 66, 85, 79, 94, 92, 99, 107, 78, 100, 93, 101, 80, 91, 77, 96, 84, 88, 66, 99, 91, 91, 74, 98, 87, 82, 75, 73, 72, 99, 84, 82, 78, 84, 88, 84, 92, 74, 95, 78, 83, 72, 100, 97, 101, 85], [178, 91, 86, 99, 87, 112, 76, 66, 88, 83, 88, 92, 104, 109, 75, 96, 87, 98, 91, 96, 98, 92, 71, 87, 79, 101, 81, 99, 74, 95, 85, 90, 72, 67, 78, 100, 90, 76, 76, 90, 89, 90, 86, 78, 94, 83, 99, 87, 100, 83, 92, 85], [199, 92, 87, 99, 93, 112, 70, 68, 88, 80, 97, 92, 99, 102, 75, 90, 90, 100, 92, 85, 84, 74, 89, 82, 79, 76, 82, 89, 83, 89, 88, 80, 85, 79, 67, 81, 84, 90, 80, 81, 88, 91, 96, 75, 77, 91, 86, 88, 87, 100, 85, 91, 79], [216, 90, 88, 108, 102, 110, 57, 68, 96, 78, 94, 92, 89, 102, 78, 86, 89, 94, 90, 92, 81, 75, 94, 89, 76, 82, 84, 96, 76, 101, 81, 83, 86, 81, 71, 91, 79, 85, 77, 70, 96, 80, 100, 74, 76, 82, 84, 87, 85, 96, 79, 88, 78], [214, 90, 88, 105, 87, 111, 67, 69, 87, 76, 93, 93, 100, 107, 73, 87, 96, 101, 91, 93, 71, 77, 90, 81, 82, 100, 89, 99, 83, 99, 85, 76, 88, 71, 79, 90, 82, 90, 71, 80, 92, 94, 94, 61, 100, 86, 98, 78, 99, 91, 100, 80], [216, 98, 100, 88, 93, 107, 68, 67, 90, 77, 92, 89, 102, 103, 77, 97, 89, 101, 89, 99, 76, 98, 77, 90, 87, 90, 98, 97, 95, 80, 84, 86, 81, 70, 90, 84, 87, 74, 70, 90, 86, 97, 79, 72, 93, 85, 90, 77, 100, 90, 97, 83]]"
"[7270, 860, 5734, 466]"                                                                                               ,"[9, 4, 6, 4]"                                                ,"[3, 7, 9, 6]"                                                ,5          ,10     ,"[0.7713612478048477, 0.1875400252398357, 1.2635091217684224, 1.1023710080940785]"                                                                                                                                                                                                                                                                                                                         ,625         ,100096,"[62, 62, 63, 63, 63, 62, 63, 63, 61, 63]"          ,combination_distribution_4 ,0.2        ,0.05          ,cifar  ,1.05                     ,0.99                       ,"[[220, 138, 153, 124, 132, 133, 115, 133, 194, 132, 171, 131, 105, 106, 139, 126, 70, 134, 91, 133, 124, 104, 129, 133, 107, 129, 100, 136, 102, 124, 137, 144, 109, 132, 122, 156, 134, 135, 94, 126, 162, 157, 170, 152, 174, 123, 131, 160, 140, 133, 131, 133, 158, 129, 160, 156, 137, 147, 152, 127, 167, 130], [182, 168, 176, 123, 159, 113, 120, 163, 194, 115, 152, 115, 105, 101, 144, 130, 85, 130, 89, 135, 117, 108, 158, 107, 99, 138, 96, 144, 107, 130, 132, 137, 104, 132, 118, 147, 139, 127, 94, 126, 160, 165, 178, 152, 171, 130, 139, 145, 150, 149, 119, 149, 137, 123, 167, 149, 142, 151, 136, 131, 160, 119], [137, 131, 166, 116, 138, 153, 105, 116, 167, 174, 146, 146, 106, 100, 92, 151, 121, 95, 126, 85, 133, 131, 84, 165, 108, 115, 129, 97, 144, 117, 138, 127, 145, 97, 160, 91, 127, 152, 110, 93, 127, 167, 162, 180, 150, 168, 125, 141, 155, 151, 129, 124, 130, 151, 121, 159, 158, 150, 138, 146, 126, 160, 127], [497, 248, 166, 166, 129, 156, 110, 113, 189, 147, 172, 156, 100, 96, 151, 127, 88, 144, 79, 113, 129, 102, 136, 138, 108, 152, 98, 144, 118, 134, 117, 150, 95, 143, 118, 133, 154, 107, 95, 127, 175, 157, 166, 137, 178, 123, 152, 162, 146, 132, 119, 124, 152, 130, 150, 167, 134, 148, 126, 114, 135, 141, 122], [480, 204, 148, 157, 141, 151, 103, 116, 190, 153, 165, 179, 93, 99, 101, 160, 99, 114, 99, 103, 127, 109, 108, 160, 96, 134, 123, 128, 100, 134, 144, 112, 146, 108, 159, 130, 118, 157, 92, 102, 163, 154, 175, 134, 152, 133, 137, 137, 147, 146, 132, 115, 140, 127, 139, 160, 158, 152, 141, 141, 147, 155, 116], [205, 147, 162, 120, 117, 142, 105, 148, 196, 131, 189, 118, 101, 94, 151, 118, 81, 128, 81, 109, 125, 111, 123, 146, 108, 150, 98, 131, 103, 148, 120, 150, 109, 135, 130, 147, 163, 104, 104, 127, 163, 154, 164, 136, 178, 106, 149, 163, 151, 138, 117, 129, 153, 128, 158, 165, 134, 149, 150, 127, 168, 121], [213, 138, 157, 114, 122, 133, 92, 115, 163, 154, 180, 172, 88, 110, 137, 101, 108, 113, 99, 106, 135, 114, 130, 147, 113, 140, 102, 108, 97, 146, 143, 141, 116, 99, 160, 154, 141, 131, 96, 105, 167, 166, 194, 151, 172, 95, 145, 160, 140, 132, 130, 130, 151, 120, 147, 175, 140, 134, 151, 125, 138, 136, 145], [218, 141, 177, 136, 125, 125, 117, 167, 175, 162, 165, 103, 108, 117, 133, 112, 106, 106, 82, 151, 115, 115, 162, 94, 103, 130, 108, 125, 133, 132, 130, 151, 93, 148, 141, 133, 162, 99, 95, 155, 143, 168, 147, 164, 141, 115, 124, 147, 149, 132, 133, 139, 132, 114, 154, 157, 130, 144, 148, 129, 140, 128, 152], [220, 141, 179, 136, 140, 108, 110, 171, 179, 176, 175, 108, 112, 130, 130, 91, 127, 91, 116, 118, 118, 111, 152, 102, 114, 134, 116, 106, 139, 146, 138, 111, 106, 152, 143, 144, 145, 99, 108, 172, 159, 176, 146, 183, 104, 147, 160, 147, 137, 122, 136, 150, 126, 159, 157, 143, 145, 131, 146, 152, 129], [399, 190, 129, 187, 139, 141, 115, 102, 175, 182, 135, 163, 104, 117, 88, 144, 118, 87, 120, 89, 137, 120, 101, 149, 108, 101, 145, 96, 144, 99, 146, 126, 149, 98, 139, 111, 153, 177, 97, 106, 117, 157, 160, 163, 155, 168, 129, 128, 155, 155, 144, 116, 145, 141, 127, 158, 146, 153, 135, 150, 121, 148, 139]]"
"[4426, 8322, 769, 6949]"                                                                                              ,"[0, 4, 4, 0]"                                                ,"[7, 5, 7, 1]"                                                ,5          ,10     ,"[2.2763546682865057, 0.7246214627211621, 0.5437747497301497, 5.409607504794377]"                                                                                                                                                                                                                                                                                                                          ,814         ,100025,"[81, 82, 81, 82, 82, 82, 81, 80, 82, 81]"          ,combination_distribution_4 ,0.2        ,0.05          ,cifar  ,1.05                     ,0.99                       ,"[[115, 128, 110, 113, 149, 101, 108, 72, 111, 73, 82, 101, 78, 109, 99, 102, 109, 102, 88, 106, 95, 112, 97, 81, 110, 99, 106, 124, 111, 95, 109, 117, 98, 112, 122, 124, 113, 98, 120, 127, 80, 92, 107, 115, 109, 104, 99, 73, 123, 108, 101, 113, 115, 87, 111, 132, 99, 115, 124, 116, 110, 103, 116, 100, 86, 117, 118, 113, 109, 113, 99, 92, 107, 101, 100, 106, 116, 91, 89, 96, 78], [118, 107, 143, 116, 132, 98, 103, 88, 92, 86, 77, 94, 92, 86, 104, 102, 78, 94, 95, 91, 97, 99, 106, 96, 81, 105, 104, 102, 128, 112, 100, 111, 108, 102, 108, 121, 123, 116, 98, 120, 128, 82, 95, 99, 118, 115, 97, 100, 79, 128, 115, 89, 117, 115, 83, 114, 133, 101, 122, 127, 109, 101, 112, 107, 102, 89, 120, 114, 112, 112, 107, 86, 97, 108, 102, 99, 106, 117, 88, 85, 101, 79], [113, 126, 116, 110, 129, 96, 104, 82, 97, 87, 85, 90, 94, 84, 102, 110, 88, 90, 82, 112, 98, 106, 107, 84, 92, 102, 99, 113, 125, 105, 101, 121, 109, 110, 122, 135, 126, 88, 133, 108, 113, 90, 109, 91, 126, 114, 107, 81, 101, 98, 102, 107, 116, 95, 96, 117, 125, 114, 111, 119, 104, 102, 107, 104, 96, 102, 107, 111, 106, 116, 106, 89, 105, 98, 101, 109, 113, 103, 105, 85, 92], [107, 134, 116, 111, 129, 94, 106, 88, 91, 85, 88, 90, 87, 96, 97, 96, 93, 101, 88, 104, 98, 94, 104, 87, 86, 102, 104, 111, 128, 105, 103, 117, 114, 101, 119, 112, 129, 99, 101, 121, 118, 84, 91, 96, 110, 112, 99, 103, 79, 125, 114, 100, 106, 109, 96, 102, 134, 94, 111, 125, 113, 93, 113, 110, 96, 89, 129, 102, 110, 99, 117, 108, 103, 113, 103, 104, 107, 107, 98, 87, 99, 88], [116, 87, 142, 99, 123, 104, 97, 98, 88, 89, 87, 84, 100, 94, 102, 92, 109, 86, 86, 90, 108, 96, 110, 88, 76, 105, 102, 93, 136, 107, 95, 116, 118, 100, 110, 119, 125, 110, 99, 119, 112, 97, 87, 113, 100, 120, 109, 103, 84, 125, 110, 92, 114, 108, 90, 107, 134, 96, 112, 128, 115, 109, 102, 102, 100, 82, 126, 106, 109, 107, 113, 111, 105, 110, 101, 100, 94, 112, 97, 92, 97, 78], [128, 129, 110, 113, 141, 84, 114, 75, 100, 85, 77, 95, 84, 94, 98, 101, 88, 95, 89, 105, 93, 92, 95, 95, 81, 112, 103, 92, 124, 109, 90, 115, 120, 101, 109, 110, 118, 116, 93, 117, 109, 106, 91, 121, 117, 117, 107, 100, 87, 115, 109, 91, 107, 113, 92, 107, 131, 100, 112, 125, 114, 112, 102, 103, 101, 82, 126, 104, 113, 109, 110, 107, 108, 108, 112, 108, 106, 103, 101, 80, 106, 88], [122, 124, 125, 102, 152, 84, 115, 75, 98, 85, 78, 98, 86, 92, 102, 112, 114, 95, 85, 95, 80, 87, 108, 88, 81, 112, 107, 111, 122, 109, 92, 116, 119, 106, 116, 141, 125, 90, 123, 95, 111, 89, 109, 96, 116, 109, 95, 94, 92, 110, 119, 92, 113, 94, 87, 120, 130, 97, 116, 124, 111, 108, 103, 97, 100, 89, 124, 113, 111, 117, 109, 92, 98, 111, 109, 110, 107, 97, 102, 81, 109], [115, 137, 123, 109, 135, 99, 110, 69, 102, 81, 95, 89, 78, 104, 105, 100, 107, 97, 95, 109, 107, 96, 105, 87, 114, 102, 100, 122, 116, 104, 116, 119, 97, 127, 131, 121, 88, 130, 99, 120, 92, 105, 97, 115, 104, 104, 84, 87, 113, 117, 98, 124, 89, 87, 123, 127, 95, 116, 126, 110, 107, 124, 95, 104, 108, 110, 116, 106, 113, 106, 100, 107, 105, 93, 99, 112, 103, 94, 80, 109], [287, 121, 104, 160, 105, 125, 107, 133, 76, 99, 77, 93, 91, 89, 92, 99, 113, 107, 104, 85, 118, 100, 115, 95, 86, 110, 111, 100, 124, 103, 98, 117, 115, 94, 117, 114, 109, 113, 108, 118, 112, 96, 89, 109, 100, 106, 107, 103, 88, 96, 105, 111, 117, 104, 94, 106, 141, 105, 109, 121, 119, 104, 104, 99, 106, 90, 117, 107, 112, 118, 109, 94, 112, 106, 104, 110, 104, 112, 98, 90, 100, 81], [104, 102, 159, 117, 149, 82, 122, 79, 99, 79, 81, 92, 94, 99, 113, 102, 103, 100, 91, 107, 112, 109, 98, 85, 111, 103, 107, 120, 106, 100, 111, 114, 96, 110, 133, 118, 106, 99, 120, 126, 83, 96, 108, 110, 114, 106, 102, 87, 112, 114, 106, 118, 106, 86, 125, 130, 94, 115, 125, 108, 107, 104, 102, 103, 89, 123, 112, 113, 112, 109, 90, 92, 105, 101, 101, 107, 117, 90, 85, 98, 93]]"
"[6420, 3385, 6396, 2558]"                                                                                             ,"[7, 8, 4, 4]"                                                ,"[0, 5, 8, 9]"                                                ,5          ,10     ,"[0.564253834819438, 9.896198490168658, 1.5167701158245999, 0.6996880062574028]"                                                                                                                                                                                                                                                                                                                           ,789         ,100257,"[78, 78, 80, 80, 80, 78, 79, 79, 78, 79]"          ,combination_distribution_4 ,0.2        ,0.05          ,cifar  ,1.05                     ,0.99                       ,"[[305, 142, 205, 144, 78, 98, 93, 62, 98, 115, 115, 67, 107, 81, 89, 141, 110, 106, 127, 97, 141, 133, 104, 146, 98, 126, 107, 129, 126, 93, 133, 123, 125, 88, 84, 86, 138, 130, 100, 126, 117, 119, 103, 93, 115, 96, 106, 105, 89, 112, 90, 108, 98, 101, 97, 119, 106, 109, 122, 114, 111, 121, 107, 103, 116, 103, 96, 99, 125, 93, 106, 108, 99, 105, 109, 115, 121, 107], [333, 136, 213, 143, 87, 99, 93, 97, 71, 135, 85, 70, 111, 76, 113, 132, 116, 125, 109, 138, 154, 95, 128, 132, 118, 117, 124, 98, 105, 99, 148, 130, 107, 82, 83, 102, 127, 117, 129, 96, 114, 116, 98, 92, 120, 85, 103, 101, 93, 127, 107, 75, 92, 97, 98, 118, 106, 111, 121, 106, 103, 120, 121, 105, 120, 83, 106, 111, 128, 89, 103, 120, 101, 103, 103, 126, 106, 104], [323, 200, 132, 188, 150, 77, 99, 94, 83, 90, 128, 86, 88, 96, 82, 122, 132, 115, 107, 110, 131, 146, 107, 126, 132, 125, 120, 132, 105, 104, 97, 130, 118, 105, 89, 88, 105, 127, 118, 130, 99, 112, 110, 98, 93, 121, 85, 105, 101, 85, 114, 88, 104, 102, 100, 92, 113, 101, 95, 108, 115, 94, 109, 115, 107, 99, 108, 114, 104, 116, 111, 108, 113, 101, 105, 94, 108, 116, 86, 105], [376, 130, 185, 144, 81, 100, 90, 80, 92, 125, 96, 81, 97, 80, 109, 134, 98, 84, 86, 106, 137, 147, 96, 134, 114, 117, 111, 130, 90, 109, 102, 127, 114, 119, 81, 89, 91, 127, 126, 103, 118, 117, 112, 94, 96, 104, 94, 116, 110, 92, 97, 77, 97, 101, 96, 119, 97, 119, 104, 117, 121, 88, 106, 114, 118, 101, 106, 108, 104, 112, 114, 107, 115, 114, 90, 94, 110, 114, 87, 106], [326, 134, 186, 147, 89, 103, 97, 63, 100, 104, 125, 75, 102, 84, 93, 133, 112, 92, 97, 98, 130, 142, 103, 126, 124, 133, 104, 135, 101, 106, 104, 122, 111, 115, 81, 90, 90, 120, 128, 100, 127, 120, 117, 103, 93, 118, 86, 97, 100, 87, 98, 80, 84, 100, 102, 120, 101, 119, 107, 101, 114, 85, 114, 116, 123, 101, 113, 109, 105, 121, 103, 108, 108, 98, 104, 104, 101, 122, 97, 99], [270, 171, 137, 172, 152, 80, 98, 93, 95, 71, 119, 99, 78, 91, 84, 105, 128, 129, 111, 123, 133, 141, 111, 128, 138, 125, 111, 128, 96, 97, 94, 135, 114, 127, 83, 93, 89, 121, 118, 106, 126, 110, 117, 104, 91, 121, 91, 109, 103, 95, 123, 109, 92, 108, 112, 98, 123, 123, 108, 115, 92, 111, 121, 116, 107, 109, 106, 104, 114, 110, 108, 114, 100, 107, 107, 129, 108, 105], [276, 340, 146, 143, 178, 89, 103, 97, 66, 99, 128, 109, 80, 97, 89, 110, 136, 115, 116, 106, 133, 139, 113, 129, 137, 117, 112, 128, 115, 91, 100, 144, 111, 122, 88, 84, 106, 134, 113, 121, 103, 107, 111, 91, 93, 122, 90, 108, 99, 87, 113, 90, 112, 97, 92, 98, 110, 95, 107, 111, 109, 93, 109, 120, 120, 96, 102, 108, 101, 113, 113, 109, 119, 94, 106, 107, 131, 104, 104], [218, 129, 165, 147, 92, 99, 92, 82, 86, 129, 99, 74, 97, 81, 102, 131, 112, 101, 96, 106, 119, 156, 87, 136, 123, 123, 96, 122, 99, 102, 98, 145, 121, 108, 86, 85, 89, 135, 125, 124, 112, 107, 111, 83, 95, 107, 86, 115, 105, 87, 102, 83, 89, 103, 94, 117, 101, 117, 108, 117, 116, 92, 110, 119, 110, 105, 102, 107, 101, 117, 112, 107, 114, 100, 108, 104, 130, 108, 104], [393, 144, 178, 154, 92, 105, 88, 80, 92, 128, 99, 80, 95, 80, 113, 130, 116, 124, 121, 130, 130, 115, 136, 127, 126, 101, 131, 116, 108, 121, 137, 113, 104, 77, 87, 101, 125, 117, 126, 100, 108, 118, 93, 92, 119, 87, 97, 104, 82, 98, 79, 87, 98, 101, 121, 100, 116, 110, 101, 115, 92, 108, 121, 115, 100, 109, 115, 114, 116, 102, 108, 119, 112, 98, 103, 111, 118, 104], [428, 138, 155, 170, 103, 101, 90, 65, 98, 77, 146, 64, 105, 80, 76, 137, 131, 104, 83, 112, 135, 146, 95, 126, 131, 125, 102, 124, 113, 112, 115, 141, 112, 102, 75, 89, 100, 129, 118, 137, 98, 116, 117, 103, 93, 103, 90, 91, 108, 86, 119, 111, 78, 95, 95, 98, 114, 93, 98, 114, 118, 88, 108, 112, 105, 107, 109, 109, 120, 109, 100, 106, 114, 111, 97, 106, 129, 109, 103]]"
"[2747, 1899, 1267, 3890]"                                                                                             ,"[3, 7, 4, 7]"                                                ,"[2, 6, 8, 6]"                                                ,5          ,10     ,"[1.4085986442923752, 1.9980117298776685, 0.9518009186676802, 1.4675530798078178]"                                                                                                                                                                                                                                                                                                                         ,485         ,100173,"[49, 48, 49, 48, 48, 48, 49, 48, 49, 49]"          ,combination_distribution_4 ,0.2        ,0.05          ,cifar  ,1.05                     ,0.99                       ,"[[203, 203, 408, 414, 185, 214, 268, 306, 189, 184, 199, 165, 168, 110, 113, 164, 111, 146, 140, 150, 149, 181, 100, 176, 100, 133, 165, 132, 122, 152, 109, 137, 181, 154, 172, 125, 164, 127, 147, 174, 139, 132, 156, 132, 115, 123, 121, 97, 107], [393, 409, 414, 177, 153, 336, 305, 175, 186, 187, 190, 153, 116, 116, 169, 111, 137, 156, 144, 156, 165, 111, 161, 111, 122, 179, 131, 132, 112, 132, 133, 191, 166, 162, 128, 157, 131, 146, 155, 152, 130, 158, 134, 119, 120, 125, 96, 109], [204, 202, 416, 396, 165, 171, 311, 260, 201, 185, 208, 173, 160, 131, 119, 140, 132, 162, 152, 140, 161, 180, 108, 168, 100, 137, 173, 120, 132, 147, 108, 142, 180, 174, 153, 122, 157, 129, 136, 149, 143, 137, 155, 127, 125, 113, 113, 94, 133], [341, 449, 415, 165, 195, 261, 283, 227, 179, 199, 185, 165, 129, 118, 161, 121, 144, 155, 143, 154, 183, 118, 158, 107, 135, 162, 111, 132, 152, 114, 175, 149, 181, 173, 181, 149, 131, 159, 129, 126, 150, 136, 132, 113, 111, 104, 129, 129], [353, 457, 409, 176, 222, 266, 305, 188, 179, 204, 151, 170, 116, 117, 159, 120, 146, 139, 142, 159, 192, 120, 154, 102, 126, 162, 121, 130, 153, 109, 144, 178, 169, 160, 142, 167, 121, 137, 163, 145, 146, 159, 145, 114, 118, 112, 122, 130], [354, 409, 444, 165, 219, 262, 260, 225, 162, 163, 146, 144, 164, 113, 118, 168, 161, 114, 137, 159, 140, 169, 118, 173, 99, 142, 192, 127, 123, 140, 128, 186, 149, 155, 166, 186, 133, 131, 162, 145, 139, 165, 132, 104, 124, 133, 95, 118], [416, 402, 439, 160, 220, 238, 257, 227, 165, 169, 138, 145, 142, 107, 122, 156, 146, 130, 127, 156, 145, 177, 104, 179, 97, 129, 163, 121, 132, 130, 124, 131, 191, 153, 152, 142, 171, 128, 130, 162, 148, 150, 169, 122, 112, 122, 128, 108, 118], [406, 409, 414, 177, 188, 246, 280, 229, 163, 151, 155, 148, 142, 109, 122, 155, 144, 128, 137, 149, 151, 188, 123, 165, 100, 159, 182, 122, 118, 149, 107, 189, 100, 175, 171, 157, 169, 126, 168, 130, 145, 162, 142, 125, 120, 119, 99, 129], [407, 409, 385, 181, 143, 315, 281, 213, 178, 152, 155, 146, 144, 107, 121, 148, 120, 147, 137, 141, 158, 173, 115, 157, 110, 120, 163, 140, 129, 120, 136, 128, 185, 142, 137, 145, 194, 128, 145, 173, 148, 148, 156, 130, 121, 115, 117, 103, 110], [168, 286, 368, 414, 169, 195, 273, 287, 216, 198, 184, 187, 170, 107, 115, 155, 121, 147, 137, 142, 158, 180, 107, 157, 107, 126, 178, 137, 126, 146, 107, 142, 174, 152, 157, 122, 161, 126, 155, 172, 140, 142, 151, 130, 127, 125, 123, 88, 103]]"
"[8433, 7513, 5486, 8226]"                                                                                             ,"[3, 0, 3, 8]"                                                ,"[9, 4, 6, 0]"                                                ,5          ,10     ,"[4.991036866858153, 1.7718423953852613, 0.634730069644244, 0.11988199972794004]"                                                                                                                                                                                                                                                                                                                          ,717         ,100217,"[71, 72, 71, 72, 72, 72, 72, 72, 72, 71]"          ,combination_distribution_4 ,0.2        ,0.05          ,cifar  ,1.05                     ,0.99                       ,"[[269, 168, 188, 137, 129, 69, 98, 129, 119, 116, 115, 102, 160, 125, 145, 140, 142, 149, 178, 141, 139, 133, 111, 159, 97, 131, 121, 148, 134, 123, 132, 105, 120, 110, 129, 110, 113, 108, 124, 117, 90, 110, 102, 109, 127, 120, 137, 108, 107, 124, 145, 137, 99, 120, 137, 112, 137, 130, 114, 122, 108, 131, 133, 131, 142, 143, 131, 119, 122, 109, 110], [280, 170, 185, 126, 130, 71, 92, 138, 120, 96, 139, 106, 160, 115, 142, 109, 135, 156, 120, 157, 147, 104, 123, 111, 157, 107, 141, 116, 151, 138, 124, 131, 101, 112, 121, 113, 108, 127, 93, 145, 93, 92, 105, 106, 114, 123, 106, 148, 122, 99, 126, 128, 129, 102, 114, 118, 124, 135, 135, 118, 127, 116, 133, 126, 129, 140, 144, 125, 125, 124, 112, 111], [311, 189, 173, 147, 119, 103, 71, 124, 134, 113, 123, 128, 170, 149, 110, 157, 153, 117, 155, 124, 138, 131, 112, 159, 113, 139, 131, 141, 134, 106, 116, 102, 121, 111, 132, 110, 115, 102, 133, 104, 88, 105, 103, 115, 117, 107, 136, 138, 105, 132, 144, 112, 98, 105, 136, 130, 136, 137, 120, 111, 106, 124, 128, 113, 138, 141, 124, 130, 134, 133, 98], [184, 179, 171, 127, 132, 74, 84, 129, 126, 94, 150, 124, 170, 147, 114, 149, 141, 137, 158, 130, 126, 105, 120, 105, 146, 118, 142, 150, 122, 120, 103, 121, 88, 110, 110, 130, 107, 115, 97, 145, 88, 86, 108, 114, 110, 127, 115, 146, 130, 94, 120, 132, 117, 95, 110, 123, 126, 138, 134, 129, 116, 109, 124, 131, 113, 137, 134, 130, 117, 135, 144, 90], [187, 182, 170, 146, 118, 103, 73, 132, 130, 113, 141, 120, 161, 136, 113, 149, 167, 102, 146, 143, 134, 133, 105, 150, 79, 120, 142, 135, 124, 124, 114, 123, 85, 103, 124, 116, 106, 122, 93, 146, 87, 87, 109, 119, 116, 116, 113, 145, 126, 96, 141, 131, 107, 96, 129, 113, 118, 131, 141, 119, 110, 108, 133, 131, 144, 126, 150, 111, 129, 133, 120, 114], [381, 169, 187, 122, 130, 79, 83, 140, 122, 114, 145, 125, 179, 121, 129, 151, 160, 99, 158, 140, 135, 132, 111, 139, 86, 135, 132, 132, 119, 117, 112, 136, 95, 91, 124, 114, 102, 117, 103, 141, 90, 87, 110, 119, 130, 104, 114, 140, 125, 96, 142, 123, 122, 93, 123, 116, 122, 133, 138, 113, 116, 109, 132, 120, 117, 130, 137, 113, 125, 135, 140, 101], [305, 172, 183, 117, 137, 84, 88, 136, 124, 95, 142, 129, 165, 126, 135, 142, 167, 104, 164, 108, 150, 104, 123, 125, 126, 98, 134, 112, 111, 145, 112, 133, 101, 104, 103, 130, 100, 90, 118, 94, 144, 87, 90, 100, 126, 126, 122, 129, 146, 107, 122, 145, 127, 92, 133, 135, 123, 137, 135, 119, 115, 108, 129, 136, 126, 126, 142, 111, 117, 135, 146, 99], [275, 190, 171, 148, 115, 75, 90, 133, 117, 114, 135, 125, 148, 140, 119, 161, 150, 101, 168, 117, 138, 105, 120, 114, 122, 101, 144, 117, 122, 134, 110, 127, 106, 95, 96, 127, 101, 100, 126, 95, 147, 82, 94, 97, 125, 120, 119, 122, 146, 106, 102, 139, 146, 116, 134, 134, 114, 119, 102, 138, 106, 111, 142, 142, 122, 134, 138, 126, 117, 138, 120, 103], [302, 188, 168, 149, 120, 92, 80, 129, 129, 96, 121, 123, 149, 131, 129, 145, 180, 120, 161, 131, 137, 124, 116, 151, 87, 118, 145, 144, 128, 130, 105, 133, 93, 94, 111, 106, 107, 113, 100, 142, 99, 87, 106, 115, 113, 121, 114, 133, 105, 103, 113, 136, 120, 88, 134, 136, 112, 138, 126, 119, 128, 97, 145, 128, 119, 138, 137, 123, 128, 129, 138, 98], [186, 184, 171, 144, 118, 76, 90, 133, 115, 115, 132, 109, 154, 137, 140, 156, 161, 115, 154, 135, 143, 131, 104, 158, 98, 115, 141, 149, 133, 115, 112, 118, 100, 101, 101, 108, 98, 109, 104, 144, 96, 95, 107, 111, 126, 119, 114, 152, 101, 101, 127, 147, 135, 138, 124, 124, 121, 101, 141, 116, 118, 138, 140, 121, 149, 144, 124, 114, 132, 136, 87]]"
"[7270, 860, 5734, 466, 4426]"                                                                                         ,"[9, 4, 6, 4, 0]"                                             ,"[3, 7, 9, 6, 7]"                                             ,5          ,10     ,"[0.8031844917627429, 0.1737512996168384, 1.4142135860620941, 0.9756720606716989, 2.6611599889483983]"                                                                                                                                                                                                                                                                                                     ,601         ,125067,"[61, 60, 59, 60, 60, 60, 61, 61, 59, 60]"          ,combination_distribution_5 ,0.2        ,0.05          ,cifar  ,1.05                     ,0.99                       ,"[[168, 216, 168, 220, 198, 167, 140, 101, 139, 128, 151, 134, 147, 130, 138, 163, 160, 188, 113, 141, 190, 187, 181, 177, 171, 158, 174, 174, 180, 246, 164, 196, 189, 199, 214, 203, 118, 160, 191, 205, 162, 150, 211, 178, 202, 195, 197, 216, 214, 193, 195, 170, 164, 188, 208, 202, 140, 199, 182, 161, 199], [228, 201, 186, 194, 171, 150, 119, 137, 153, 159, 140, 149, 154, 132, 182, 166, 185, 111, 145, 193, 195, 196, 188, 160, 162, 185, 187, 185, 195, 200, 171, 176, 199, 207, 179, 137, 164, 204, 204, 174, 180, 198, 170, 165, 196, 180, 223, 206, 204, 199, 171, 169, 189, 209, 203, 142, 192, 181, 163, 199], [156, 232, 168, 229, 185, 208, 106, 139, 166, 147, 151, 152, 155, 130, 182, 180, 183, 118, 162, 166, 201, 207, 210, 161, 169, 207, 183, 203, 158, 196, 196, 193, 182, 225, 151, 161, 170, 221, 182, 152, 185, 195, 194, 206, 189, 216, 209, 207, 179, 181, 186, 200, 200, 203, 141, 227, 175, 176, 199], [240, 199, 181, 211, 176, 142, 108, 128, 162, 157, 161, 130, 148, 129, 181, 170, 195, 123, 147, 194, 166, 198, 216, 157, 147, 173, 162, 176, 229, 161, 205, 201, 196, 196, 190, 127, 163, 198, 212, 188, 158, 191, 174, 168, 201, 197, 224, 216, 205, 196, 171, 170, 183, 208, 204, 141, 199, 185, 191, 177], [186, 238, 153, 253, 176, 153, 102, 145, 174, 147, 156, 143, 154, 131, 177, 175, 171, 113, 142, 192, 167, 183, 177, 166, 177, 177, 178, 171, 198, 143, 214, 197, 187, 193, 181, 161, 155, 159, 223, 198, 163, 203, 188, 196, 199, 193, 215, 218, 213, 198, 172, 169, 191, 206, 212, 152, 176, 185, 190, 203], [167, 221, 161, 228, 177, 189, 127, 100, 154, 141, 203, 140, 150, 123, 191, 166, 181, 122, 131, 185, 138, 205, 153, 212, 180, 156, 192, 172, 183, 159, 195, 197, 195, 202, 195, 159, 163, 167, 222, 198, 162, 205, 188, 195, 201, 196, 215, 215, 212, 202, 171, 166, 187, 208, 203, 145, 192, 185, 160, 196], [168, 221, 173, 216, 161, 148, 159, 100, 146, 146, 151, 147, 157, 109, 100, 190, 186, 158, 120, 140, 179, 169, 183, 182, 199, 170, 174, 172, 182, 203, 146, 192, 189, 191, 207, 193, 158, 157, 189, 189, 192, 164, 200, 188, 192, 204, 189, 215, 196, 199, 172, 186, 178, 191, 219, 194, 140, 227, 180, 161, 199], [168, 222, 172, 245, 150, 192, 122, 99, 154, 118, 145, 149, 158, 107, 122, 182, 177, 182, 115, 124, 182, 169, 191, 183, 207, 143, 164, 167, 186, 191, 147, 214, 182, 205, 204, 189, 159, 158, 190, 217, 172, 157, 201, 183, 216, 207, 191, 220, 219, 183, 189, 172, 152, 202, 208, 201, 142, 220, 166, 169, 194], [169, 224, 166, 214, 193, 200, 119, 156, 162, 147, 166, 160, 131, 125, 177, 174, 182, 105, 140, 188, 174, 188, 196, 177, 153, 174, 179, 193, 195, 155, 197, 172, 212, 225, 183, 144, 166, 208, 216, 163, 158, 187, 179, 193, 216, 192, 225, 212, 200, 211, 178, 198, 180, 179, 199, 229, 194, 153, 168], [209, 181, 154, 241, 158, 185, 104, 155, 149, 133, 183, 167, 137, 123, 176, 162, 178, 116, 141, 193, 174, 189, 188, 180, 154, 186, 174, 191, 207, 177, 200, 178, 200, 210, 208, 128, 150, 204, 223, 153, 155, 201, 167, 196, 194, 197, 216, 194, 205, 197, 175, 145, 205, 215, 202, 142, 214, 164, 159, 199]]"
"[8322, 769, 6949, 6420, 3385]"                                                                                        ,"[4, 4, 0, 7, 8]"                                             ,"[5, 7, 1, 0, 5]"                                             ,5          ,10     ,"[0.5033939316853118, 0.5080752031945638, 4.781540320851378, 0.617271737796368, 2.4518536516262963]"                                                                                                                                                                                                                                                                                                       ,853         ,125296,"[85, 86, 84, 86, 85, 85, 86, 86, 85, 85]"          ,combination_distribution_5 ,0.2        ,0.05          ,cifar  ,1.05                     ,0.99                       ,"[[468, 170, 99, 103, 79, 82, 70, 91, 123, 94, 123, 123, 122, 175, 183, 155, 131, 130, 169, 177, 118, 172, 123, 135, 185, 158, 126, 160, 108, 131, 164, 154, 124, 133, 152, 153, 151, 137, 149, 154, 142, 135, 131, 89, 93, 112, 115, 149, 122, 162, 113, 137, 129, 130, 134, 129, 113, 128, 114, 123, 152, 111, 132, 110, 119, 105, 112, 86, 139, 128, 136, 109, 129, 154, 93, 113, 99, 190, 96, 123, 147, 150, 149, 94, 140], [506, 172, 96, 89, 78, 85, 66, 86, 113, 85, 141, 118, 90, 165, 139, 175, 166, 121, 128, 175, 147, 127, 151, 121, 128, 169, 158, 126, 163, 117, 127, 168, 152, 125, 130, 149, 148, 150, 136, 142, 147, 135, 131, 129, 105, 94, 110, 128, 147, 113, 180, 120, 150, 124, 133, 130, 134, 135, 116, 100, 122, 165, 98, 137, 105, 131, 107, 110, 120, 132, 121, 120, 125, 132, 134, 82, 124, 183, 115, 132, 161, 160, 154, 85, 121, 128], [176, 102, 87, 68, 90, 71, 88, 119, 108, 120, 130, 108, 179, 165, 123, 164, 113, 154, 178, 107, 157, 150, 111, 161, 158, 163, 129, 167, 128, 148, 154, 138, 107, 146, 121, 161, 145, 124, 147, 128, 142, 119, 126, 104, 100, 108, 144, 128, 129, 168, 118, 156, 120, 115, 130, 138, 139, 109, 101, 131, 158, 106, 131, 98, 133, 103, 101, 106, 143, 113, 127, 113, 130, 130, 98, 119, 121, 188, 117, 165, 180, 147, 95, 140], [488, 173, 95, 97, 68, 94, 77, 91, 108, 108, 124, 131, 128, 164, 190, 145, 129, 129, 174, 178, 149, 143, 131, 121, 175, 149, 128, 185, 121, 147, 173, 159, 114, 129, 138, 159, 148, 121, 140, 152, 121, 130, 129, 107, 104, 111, 128, 133, 116, 170, 105, 132, 132, 125, 137, 139, 114, 125, 110, 129, 152, 111, 130, 103, 128, 100, 97, 102, 136, 132, 124, 98, 120, 168, 97, 101, 112, 188, 107, 132, 149, 133, 152, 83, 120, 129], [509, 217, 75, 86, 73, 83, 70, 99, 115, 113, 121, 122, 135, 161, 187, 145, 120, 138, 164, 181, 130, 159, 132, 137, 151, 157, 131, 170, 130, 145, 175, 142, 103, 130, 141, 165, 148, 119, 147, 139, 124, 125, 129, 117, 93, 104, 141, 138, 127, 177, 118, 137, 119, 128, 141, 131, 107, 123, 103, 132, 144, 119, 130, 109, 121, 111, 93, 101, 117, 111, 131, 109, 119, 149, 119, 81, 131, 173, 130, 132, 169, 150, 150, 90, 135], [347, 218, 74, 86, 84, 76, 88, 81, 112, 116, 118, 128, 146, 153, 188, 146, 105, 141, 165, 179, 129, 155, 119, 140, 176, 148, 128, 170, 128, 148, 162, 153, 110, 148, 138, 163, 155, 120, 148, 153, 128, 114, 131, 116, 98, 111, 124, 136, 122, 175, 105, 134, 118, 127, 143, 130, 112, 124, 96, 132, 144, 119, 124, 113, 101, 125, 95, 101, 126, 118, 145, 99, 116, 161, 115, 101, 108, 158, 129, 143, 160, 148, 142, 97, 140], [395, 178, 132, 67, 83, 83, 73, 65, 93, 112, 96, 131, 125, 118, 172, 165, 134, 151, 119, 173, 179, 110, 162, 131, 108, 198, 154, 160, 159, 149, 150, 161, 158, 112, 143, 137, 174, 153, 119, 155, 137, 139, 113, 119, 117, 93, 116, 143, 129, 126, 167, 106, 143, 109, 137, 133, 123, 112, 124, 106, 119, 153, 113, 125, 111, 115, 110, 98, 98, 120, 115, 130, 123, 112, 158, 115, 79, 132, 175, 114, 130, 156, 152, 160, 96, 135], [190, 131, 73, 79, 81, 74, 78, 84, 122, 129, 104, 120, 139, 145, 183, 147, 134, 132, 162, 166, 109, 176, 109, 129, 178, 148, 140, 155, 149, 130, 163, 139, 121, 112, 147, 133, 147, 151, 115, 150, 126, 157, 116, 139, 97, 84, 123, 153, 128, 156, 128, 111, 148, 115, 131, 133, 133, 140, 105, 130, 103, 154, 100, 145, 107, 118, 91, 101, 102, 143, 106, 127, 99, 125, 154, 96, 121, 113, 185, 122, 164, 172, 162, 95, 122, 144], [480, 174, 95, 102, 78, 81, 73, 91, 124, 112, 107, 129, 137, 145, 187, 159, 142, 125, 161, 183, 113, 175, 114, 139, 177, 150, 132, 168, 131, 143, 167, 153, 113, 144, 142, 157, 150, 120, 157, 144, 154, 122, 132, 93, 87, 109, 126, 133, 123, 171, 107, 137, 123, 140, 135, 123, 126, 116, 113, 122, 163, 109, 132, 106, 128, 101, 105, 92, 133, 129, 125, 90, 120, 165, 97, 100, 112, 196, 99, 133, 150, 134, 166, 88, 137], [496, 176, 101, 93, 69, 83, 65, 93, 121, 84, 133, 119, 118, 173, 177, 142, 171, 121, 166, 162, 114, 182, 112, 130, 191, 161, 143, 173, 122, 126, 158, 152, 122, 126, 145, 149, 149, 133, 149, 149, 147, 121, 133, 112, 81, 101, 123, 142, 127, 168, 119, 127, 139, 131, 145, 118, 125, 131, 109, 127, 157, 110, 129, 111, 121, 101, 98, 101, 135, 134, 122, 99, 119, 158, 102, 107, 111, 188, 113, 127, 150, 135, 162, 92, 136]]"
"[6396, 2558, 2747, 1899, 1267]"                                                                                       ,"[4, 4, 3, 7, 4]"                                             ,"[8, 9, 2, 6, 8]"                                             ,5          ,10     ,"[1.5170560272489124, 0.678157452005984, 1.5190124690004312, 1.5540365265998841, 0.8372813684435528]"                                                                                                                                                                                                                                                                                                      ,570         ,125463,"[57, 57, 57, 57, 57, 56, 57, 58, 57, 57]"          ,combination_distribution_5 ,0.2        ,0.05          ,cifar  ,1.05                     ,0.99                       ,"[[1157, 611, 307, 320, 218, 234, 267, 166, 167, 175, 162, 173, 160, 189, 150, 177, 223, 231, 199, 213, 175, 149, 187, 200, 184, 189, 204, 162, 197, 185, 216, 165, 130, 122, 166, 183, 112, 167, 154, 175, 184, 163, 167, 151, 203, 141, 111, 170, 175, 112, 140, 183, 168, 149, 152, 166, 175], [696, 1137, 287, 324, 225, 261, 251, 149, 189, 169, 164, 172, 158, 189, 152, 176, 223, 157, 213, 184, 234, 158, 182, 169, 201, 210, 180, 203, 205, 199, 198, 159, 135, 123, 171, 196, 111, 173, 163, 168, 186, 171, 167, 165, 175, 126, 159, 144, 153, 113, 131, 176, 176, 148, 152, 159, 165], [1099, 605, 283, 339, 236, 264, 240, 163, 172, 170, 161, 165, 179, 208, 147, 152, 240, 244, 171, 226, 175, 158, 164, 167, 175, 216, 216, 169, 197, 211, 186, 163, 152, 124, 172, 184, 119, 173, 170, 161, 176, 161, 167, 164, 177, 125, 155, 136, 158, 121, 140, 192, 158, 140, 155, 152, 155], [672, 1161, 282, 339, 210, 243, 236, 108, 205, 177, 153, 174, 194, 151, 191, 173, 254, 237, 186, 242, 180, 157, 167, 193, 213, 198, 205, 154, 175, 219, 178, 163, 152, 109, 180, 179, 128, 169, 164, 162, 179, 152, 162, 186, 184, 117, 148, 144, 156, 135, 139, 185, 164, 135, 169, 149, 154], [1229, 560, 323, 320, 208, 262, 250, 167, 168, 185, 196, 173, 163, 181, 135, 175, 241, 221, 170, 224, 176, 159, 167, 180, 159, 192, 161, 196, 177, 183, 209, 193, 132, 124, 160, 174, 152, 171, 142, 193, 172, 176, 163, 188, 181, 136, 126, 166, 162, 124, 131, 198, 169, 130, 158, 165, 174], [702, 1125, 287, 316, 245, 265, 248, 166, 173, 189, 191, 171, 163, 197, 168, 220, 212, 219, 154, 195, 164, 164, 155, 195, 215, 183, 190, 157, 196, 181, 217, 167, 136, 109, 169, 188, 124, 175, 162, 168, 196, 147, 161, 183, 180, 123, 157, 135, 159, 121, 127, 206, 166, 137, 164, 160], [695, 1127, 319, 303, 196, 228, 236, 125, 214, 183, 182, 141, 199, 134, 169, 170, 223, 190, 214, 156, 191, 168, 163, 156, 194, 215, 194, 197, 160, 192, 200, 184, 162, 150, 118, 177, 183, 119, 174, 163, 168, 194, 163, 153, 168, 171, 121, 146, 145, 157, 125, 137, 196, 164, 139, 149, 170], [677, 1144, 281, 339, 210, 243, 223, 122, 198, 171, 188, 151, 190, 141, 199, 169, 237, 255, 214, 210, 179, 173, 164, 183, 160, 190, 158, 202, 146, 193, 207, 190, 129, 135, 157, 179, 151, 155, 131, 187, 180, 175, 143, 159, 161, 163, 123, 154, 106, 156, 121, 138, 206, 155, 136, 148, 166, 176], [1133, 599, 295, 317, 232, 269, 248, 165, 170, 189, 193, 183, 137, 194, 135, 177, 235, 194, 200, 210, 176, 149, 186, 172, 172, 191, 167, 194, 145, 193, 201, 177, 122, 141, 124, 173, 163, 116, 160, 175, 159, 184, 151, 169, 185, 167, 132, 141, 144, 160, 118, 140, 205, 156, 137, 147, 167], [695, 1135, 310, 320, 234, 255, 235, 190, 163, 171, 193, 199, 132, 181, 163, 204, 216, 189, 170, 209, 178, 148, 186, 199, 206, 186, 197, 158, 195, 213, 185, 158, 134, 112, 155, 197, 110, 169, 150, 179, 173, 170, 177, 177, 182, 138, 117, 164, 172, 115, 139, 203, 149, 146, 146, 157, 172]]"
"[3890, 8433, 7513, 5486, 8226]"                                                                                       ,"[7, 3, 0, 3, 8]"                                             ,"[6, 9, 4, 6, 0]"                                             ,5          ,10     ,"[1.4753913891364077, 4.616513790212296, 1.61594863384051, 0.5770750406576823, 0.10676604747580397]"                                                                                                                                                                                                                                                                                                       ,745         ,125096,"[75, 74, 75, 74, 74, 74, 75, 75, 74, 75]"          ,combination_distribution_5 ,0.2        ,0.05          ,cifar  ,1.05                     ,0.99                       ,"[[478, 381, 207, 206, 267, 223, 237, 230, 206, 187, 178, 262, 183, 151, 121, 89, 129, 130, 121, 150, 145, 154, 137, 148, 117, 143, 102, 106, 108, 89, 96, 119, 118, 121, 102, 101, 78, 86, 80, 95, 132, 119, 107, 125, 118, 133, 124, 152, 143, 107, 119, 133, 124, 96, 125, 156, 139, 175, 125, 137, 150, 142, 134, 172, 202, 146, 117, 134, 150, 111, 156, 138, 146, 126, 125], [478, 396, 194, 205, 244, 239, 256, 235, 215, 170, 184, 260, 169, 152, 128, 101, 135, 118, 161, 159, 159, 132, 111, 165, 150, 92, 108, 114, 100, 84, 124, 116, 120, 105, 94, 98, 78, 89, 80, 115, 117, 116, 127, 110, 109, 152, 120, 147, 130, 120, 130, 124, 115, 110, 142, 161, 159, 147, 154, 108, 163, 149, 186, 180, 167, 144, 130, 119, 133, 149, 134, 162, 127, 124], [527, 287, 170, 160, 237, 204, 289, 212, 238, 148, 157, 256, 160, 152, 113, 120, 128, 129, 148, 160, 166, 149, 102, 157, 156, 93, 108, 105, 120, 84, 122, 111, 124, 103, 98, 97, 82, 83, 81, 140, 104, 116, 125, 122, 134, 112, 131, 155, 118, 116, 126, 112, 113, 105, 119, 146, 158, 148, 134, 135, 135, 134, 145, 158, 200, 150, 116, 132, 142, 105, 161, 135, 150, 123, 128], [530, 288, 238, 209, 254, 278, 223, 185, 212, 143, 200, 209, 197, 101, 138, 124, 147, 118, 145, 159, 162, 124, 109, 115, 148, 96, 90, 131, 102, 89, 117, 109, 133, 94, 109, 96, 80, 82, 93, 147, 117, 121, 119, 112, 140, 119, 150, 138, 112, 114, 138, 114, 95, 126, 152, 132, 151, 131, 161, 124, 150, 135, 194, 174, 149, 133, 136, 126, 119, 156, 136, 149, 134, 128], [462, 380, 210, 204, 285, 204, 288, 219, 247, 160, 155, 245, 160, 153, 125, 107, 128, 145, 144, 155, 158, 134, 117, 160, 140, 99, 102, 105, 117, 93, 120, 116, 119, 107, 101, 101, 81, 83, 83, 141, 107, 122, 129, 127, 132, 116, 125, 156, 125, 117, 123, 122, 103, 117, 160, 126, 155, 129, 161, 107, 160, 155, 187, 188, 160, 133, 136, 127, 120, 145, 144, 151, 139, 125], [482, 249, 247, 161, 328, 211, 218, 204, 253, 160, 181, 231, 152, 163, 130, 121, 143, 137, 146, 145, 146, 127, 101, 169, 140, 94, 103, 121, 95, 84, 117, 124, 122, 94, 106, 95, 78, 92, 85, 145, 114, 113, 121, 122, 143, 113, 113, 158, 123, 112, 121, 119, 110, 110, 162, 123, 147, 144, 151, 116, 164, 138, 191, 190, 170, 126, 133, 139, 120, 144, 123, 152, 148, 106], [487, 365, 223, 216, 298, 192, 258, 253, 241, 133, 171, 256, 150, 166, 132, 107, 114, 134, 115, 134, 152, 155, 122, 105, 136, 147, 102, 90, 127, 97, 84, 122, 108, 122, 97, 99, 91, 83, 89, 83, 131, 116, 113, 128, 114, 142, 132, 128, 161, 112, 110, 121, 124, 104, 126, 154, 132, 146, 137, 153, 107, 165, 149, 186, 187, 163, 129, 126, 132, 118, 149, 113, 161, 145, 106], [430, 473, 228, 221, 244, 221, 249, 224, 223, 172, 143, 223, 221, 173, 109, 119, 129, 130, 121, 156, 157, 146, 141, 147, 119, 134, 94, 97, 115, 94, 90, 118, 124, 110, 87, 98, 94, 83, 82, 84, 127, 113, 105, 123, 124, 142, 121, 128, 148, 121, 116, 112, 116, 123, 104, 161, 138, 156, 138, 149, 115, 163, 131, 167, 188, 186, 154, 136, 140, 117, 147, 133, 129, 141, 109], [493, 282, 249, 236, 242, 276, 224, 226, 187, 166, 247, 202, 152, 125, 108, 115, 129, 119, 155, 168, 135, 130, 120, 116, 152, 90, 103, 120, 91, 96, 116, 119, 121, 102, 94, 90, 81, 82, 86, 143, 113, 108, 120, 122, 144, 122, 141, 145, 108, 117, 117, 118, 105, 126, 156, 136, 168, 131, 141, 127, 155, 139, 195, 184, 147, 130, 138, 140, 115, 138, 141, 129, 150, 105], [350, 508, 200, 215, 282, 209, 235, 209, 201, 198, 161, 218, 221, 158, 91, 122, 136, 129, 132, 165, 155, 140, 137, 116, 121, 157, 90, 108, 112, 90, 95, 117, 118, 120, 103, 96, 89, 82, 84, 95, 139, 117, 101, 125, 117, 140, 129, 155, 139, 105, 117, 147, 122, 103, 118, 153, 131, 185, 136, 135, 140, 126, 152, 172, 199, 151, 110, 132, 146, 106, 161, 145, 140, 123, 129]]"
"[7270, 860, 5734, 466, 4426, 8322, 769, 6949, 6420, 3385]"                                                            ,"[9, 4, 6, 4, 0, 4, 4, 0, 7, 8]"                              ,"[3, 7, 9, 6, 7, 5, 7, 1, 0, 5]"                              ,5          ,10     ,"[0.7661987242846344, 0.1579178338347981, 1.3255273467035533, 0.8472203526610949, 2.4173319036414007, 3.095767428062656, 0.6429580836238669, 5.054067678152222, 0.620767501841913, 11.166477958828498]"                                                                                                                                                                                                    ,1025        ,250118,"[103, 102, 101, 102, 103, 104, 103, 102, 102, 103]",combination_distribution_10,0.2        ,0.05          ,cifar  ,1.05                     ,0.99                       ,"[[419, 180, 209, 128, 153, 187, 186, 144, 141, 153, 162, 243, 240, 289, 241, 204, 297, 261, 215, 210, 246, 185, 198, 205, 239, 171, 237, 225, 230, 210, 205, 197, 190, 241, 199, 241, 236, 163, 177, 149, 231, 225, 222, 211, 216, 174, 245, 254, 284, 267, 293, 229, 247, 198, 229, 207, 220, 240, 233, 188, 245, 265, 252, 246, 177, 218, 264, 182, 221, 202, 195, 264, 223, 219, 155, 253, 268, 264, 179, 261, 251, 238, 198, 231, 254, 223, 217, 190, 275, 236, 247, 196, 242, 188, 271, 234, 229, 241, 235, 231, 227, 283, 195], [427, 177, 197, 128, 144, 191, 179, 166, 157, 154, 173, 228, 192, 318, 249, 206, 299, 260, 213, 211, 242, 188, 197, 207, 238, 171, 210, 248, 222, 211, 211, 200, 182, 229, 171, 250, 213, 182, 223, 164, 218, 218, 237, 212, 210, 166, 231, 264, 308, 250, 290, 210, 250, 226, 220, 221, 229, 241, 241, 205, 271, 232, 223, 263, 160, 235, 237, 217, 211, 219, 246, 212, 273, 203, 245, 267, 226, 202, 274, 242, 223, 272, 230, 234, 234, 244, 210, 275, 224, 253, 202, 225, 205, 273, 234, 227, 243, 204, 260, 225, 266, 216], [693, 186, 212, 147, 140, 192, 180, 171, 136, 152, 192, 242, 216, 323, 262, 262, 339, 260, 269, 260, 193, 189, 195, 237, 181, 206, 252, 229, 207, 234, 245, 188, 180, 241, 214, 218, 177, 189, 170, 218, 216, 265, 232, 229, 221, 249, 259, 265, 280, 274, 214, 225, 214, 220, 227, 220, 228, 201, 222, 234, 270, 232, 221, 167, 256, 246, 225, 182, 226, 249, 184, 239, 213, 271, 280, 224, 224, 260, 239, 232, 201, 231, 234, 242, 236, 210, 272, 224, 255, 177, 249, 206, 273, 234, 227, 243, 205, 256, 237, 276, 199], [425, 153, 209, 133, 150, 181, 178, 158, 140, 141, 183, 210, 179, 371, 259, 240, 307, 287, 294, 293, 206, 202, 207, 235, 167, 213, 259, 224, 210, 200, 201, 172, 224, 141, 249, 177, 188, 217, 219, 206, 236, 208, 214, 228, 207, 224, 244, 254, 277, 263, 249, 228, 209, 216, 218, 242, 235, 213, 170, 247, 231, 275, 230, 224, 153, 255, 224, 237, 205, 217, 261, 167, 249, 218, 267, 256, 235, 214, 248, 242, 268, 198, 222, 237, 224, 225, 209, 272, 226, 254, 176, 267, 186, 271, 216, 206, 254, 233, 224, 268, 279, 199], [698, 167, 219, 134, 139, 187, 176, 159, 149, 147, 183, 209, 178, 365, 238, 232, 216, 314, 251, 217, 243, 183, 201, 227, 253, 161, 210, 244, 213, 208, 200, 202, 180, 228, 172, 234, 206, 157, 237, 182, 220, 213, 218, 225, 229, 196, 244, 233, 233, 273, 274, 244, 263, 209, 212, 206, 252, 229, 230, 196, 257, 239, 280, 241, 182, 221, 246, 197, 221, 210, 210, 239, 228, 212, 159, 264, 241, 233, 217, 269, 221, 268, 197, 221, 240, 221, 246, 191, 264, 256, 254, 180, 263, 172, 263, 216, 204, 255, 195, 245, 244, 239, 232], [677, 184, 192, 134, 145, 172, 155, 187, 153, 130, 176, 194, 189, 313, 253, 270, 192, 316, 274, 232, 261, 205, 201, 209, 255, 171, 191, 229, 189, 233, 231, 176, 203, 235, 155, 255, 206, 152, 208, 206, 228, 224, 247, 201, 225, 197, 231, 240, 202, 216, 264, 238, 240, 222, 226, 218, 235, 241, 235, 200, 221, 241, 234, 209, 228, 160, 254, 247, 216, 201, 216, 216, 223, 260, 218, 142, 237, 221, 242, 200, 274, 251, 239, 185, 219, 237, 225, 223, 208, 268, 233, 251, 206, 263, 211, 243, 258, 220, 267, 203, 220, 259, 258, 174], [695, 142, 200, 130, 165, 171, 154, 169, 160, 125, 192, 181, 191, 262, 231, 270, 269, 285, 306, 278, 237, 192, 199, 227, 243, 173, 213, 242, 211, 228, 218, 209, 170, 225, 249, 206, 214, 162, 194, 150, 218, 235, 226, 205, 226, 206, 211, 225, 214, 245, 280, 231, 241, 246, 217, 199, 234, 243, 215, 210, 238, 225, 278, 228, 247, 170, 274, 218, 236, 199, 236, 247, 208, 214, 169, 262, 246, 262, 223, 254, 260, 232, 182, 221, 235, 256, 213, 191, 265, 233, 251, 204, 265, 173, 262, 210, 210, 254, 234, 224, 266, 238, 217], [694, 168, 202, 152, 147, 170, 138, 176, 167, 124, 166, 179, 192, 240, 244, 278, 249, 270, 275, 276, 279, 217, 201, 225, 255, 161, 214, 261, 194, 210, 233, 207, 181, 218, 247, 211, 222, 158, 187, 148, 230, 241, 247, 224, 246, 216, 267, 226, 285, 265, 220, 238, 209, 223, 232, 214, 225, 233, 226, 256, 234, 213, 211, 254, 162, 252, 248, 198, 241, 196, 213, 225, 263, 236, 259, 276, 259, 214, 271, 251, 252, 183, 220, 237, 253, 216, 202, 261, 257, 239, 186, 249, 186, 267, 233, 228, 244, 234, 236, 258, 270, 172], [693, 133, 226, 117, 187, 145, 154, 188, 153, 137, 156, 191, 196, 262, 245, 266, 255, 320, 315, 237, 242, 190, 194, 221, 241, 172, 192, 230, 188, 230, 228, 182, 218, 248, 190, 250, 237, 142, 199, 162, 233, 240, 237, 209, 258, 204, 244, 244, 277, 268, 243, 250, 204, 228, 250, 211, 251, 238, 224, 242, 212, 263, 217, 257, 157, 270, 235, 243, 219, 216, 235, 162, 252, 214, 247, 270, 253, 214, 261, 252, 240, 192, 233, 228, 252, 216, 192, 270, 226, 254, 202, 260, 215, 283, 220, 218, 267, 202, 220, 259, 258, 175], [413, 165, 206, 122, 146, 146, 165, 160, 184, 125, 156, 176, 208, 298, 273, 264, 243, 335, 273, 212, 242, 209, 188, 197, 235, 182, 227, 225, 230, 211, 234, 224, 191, 203, 254, 210, 214, 151, 168, 148, 235, 233, 206, 215, 216, 216, 222, 251, 319, 257, 263, 227, 256, 231, 247, 205, 228, 222, 234, 218, 235, 227, 225, 233, 180, 217, 247, 196, 221, 204, 217, 249, 217, 217, 154, 254, 269, 264, 199, 256, 234, 241, 195, 233, 251, 225, 218, 203, 300, 253, 263, 224, 220, 222, 255, 196, 203, 265, 213, 212, 250, 265, 152]]"
"[6396, 2558, 2747, 1899, 1267, 3890, 8433, 7513, 5486, 8226]"                                                         ,"[4, 4, 3, 7, 4, 7, 3, 0, 3, 8]"                              ,"[8, 9, 2, 6, 8, 6, 9, 4, 6, 0]"                              ,5          ,10     ,"[1.6579835707125168, 0.6512611730323319, 1.8802412503208812, 1.8221177448675427, 0.9772157289504816, 1.3292015321427697, 5.9547865169222485, 1.6656870247358921, 0.6206838746861228, 0.13481204798829874]"                                                                                                                                                                                                ,793         ,250259,"[80, 81, 79, 79, 79, 79, 79, 79, 79, 79]"          ,combination_distribution_10,0.2        ,0.05          ,cifar  ,1.05                     ,0.99                       ,"[[573, 320, 320, 344, 153, 213, 187, 260, 233, 193, 191, 302, 278, 334, 295, 317, 238, 290, 356, 259, 363, 343, 321, 283, 242, 350, 245, 279, 300, 419, 332, 332, 282, 216, 239, 206, 254, 224, 234, 247, 356, 234, 303, 292, 321, 246, 303, 305, 272, 354, 247, 302, 234, 250, 279, 244, 262, 287, 245, 260, 207, 291, 314, 299, 265, 320, 260, 240, 270, 231, 254, 256, 268, 324, 260, 346, 237, 271, 317, 307], [545, 447, 353, 255, 165, 226, 185, 300, 174, 198, 237, 314, 259, 405, 215, 332, 262, 336, 323, 299, 285, 294, 295, 280, 243, 351, 209, 300, 265, 441, 323, 346, 284, 233, 255, 202, 311, 231, 231, 311, 286, 188, 284, 311, 311, 240, 327, 304, 280, 350, 265, 302, 256, 224, 311, 267, 224, 290, 276, 225, 262, 304, 260, 291, 337, 293, 273, 256, 243, 222, 233, 257, 263, 324, 244, 324, 217, 236, 332, 283, 305], [596, 465, 265, 282, 209, 161, 213, 313, 153, 205, 283, 275, 286, 397, 247, 303, 301, 404, 228, 352, 248, 425, 288, 214, 385, 231, 294, 224, 332, 423, 359, 274, 276, 264, 190, 264, 226, 250, 259, 357, 241, 281, 323, 321, 264, 323, 276, 290, 340, 265, 302, 255, 237, 303, 235, 210, 305, 271, 254, 244, 328, 264, 285, 357, 273, 289, 255, 237, 214, 239, 312, 268, 315, 243, 308, 281, 264, 322, 284], [596, 448, 280, 266, 228, 189, 266, 252, 198, 178, 271, 302, 369, 327, 312, 228, 226, 433, 243, 359, 359, 352, 266, 178, 393, 237, 268, 241, 327, 412, 358, 273, 288, 275, 217, 310, 249, 256, 328, 273, 203, 309, 297, 287, 257, 291, 294, 306, 306, 263, 302, 256, 238, 293, 240, 227, 261, 300, 236, 239, 291, 293, 317, 357, 285, 300, 275, 260, 211, 262, 330, 342, 284, 325, 237, 252, 334, 283, 318], [529, 351, 362, 333, 172, 225, 188, 298, 181, 193, 254, 296, 310, 380, 282, 308, 279, 269, 297, 304, 290, 350, 321, 291, 329, 274, 256, 252, 350, 375, 350, 313, 300, 253, 202, 217, 298, 258, 257, 349, 263, 256, 293, 304, 309, 276, 251, 319, 354, 220, 286, 272, 289, 302, 261, 239, 275, 301, 256, 219, 308, 300, 310, 351, 276, 259, 260, 228, 235, 241, 292, 271, 311, 262, 312, 231, 307, 304, 249], [600, 393, 353, 267, 155, 225, 234, 301, 176, 179, 283, 286, 334, 405, 340, 220, 253, 415, 244, 340, 360, 329, 292, 194, 376, 232, 259, 257, 311, 412, 358, 321, 264, 254, 171, 273, 238, 294, 217, 325, 236, 258, 292, 319, 285, 301, 260, 294, 346, 206, 308, 272, 286, 282, 285, 235, 275, 242, 248, 204, 306, 314, 299, 251, 334, 259, 233, 269, 223, 233, 256, 294, 342, 254, 328, 258, 251, 337, 312], [617, 448, 280, 285, 193, 204, 228, 273, 176, 178, 307, 264, 333, 397, 276, 260, 284, 397, 263, 332, 356, 309, 283, 202, 392, 239, 268, 258, 310, 424, 346, 282, 269, 266, 174, 263, 265, 267, 236, 334, 245, 282, 305, 330, 272, 294, 249, 268, 353, 221, 288, 271, 286, 280, 313, 211, 260, 243, 245, 199, 283, 344, 284, 276, 326, 261, 251, 271, 213, 247, 258, 279, 334, 260, 344, 241, 251, 315, 303], [597, 418, 310, 286, 226, 207, 230, 289, 185, 181, 356, 289, 354, 268, 315, 218, 308, 366, 238, 334, 303, 354, 289, 196, 402, 213, 291, 260, 321, 413, 345, 282, 269, 264, 174, 264, 235, 254, 242, 375, 241, 296, 268, 315, 268, 310, 250, 294, 353, 237, 292, 276, 287, 289, 277, 214, 259, 243, 243, 201, 273, 322, 290, 257, 314, 257, 263, 307, 221, 234, 253, 287, 348, 260, 328, 261, 249, 335, 303], [601, 402, 268, 318, 177, 226, 236, 299, 161, 195, 284, 295, 327, 403, 310, 232, 270, 326, 277, 371, 246, 397, 323, 191, 389, 227, 293, 260, 357, 402, 373, 316, 246, 225, 178, 265, 237, 255, 229, 364, 233, 294, 280, 310, 270, 303, 274, 267, 350, 226, 306, 290, 275, 310, 257, 210, 263, 252, 260, 205, 251, 312, 232, 301, 297, 278, 264, 284, 235, 243, 262, 285, 350, 261, 327, 275, 237, 334, 282], [577, 426, 320, 268, 173, 198, 264, 303, 174, 183, 308, 312, 360, 348, 318, 219, 309, 365, 269, 343, 343, 322, 282, 208, 349, 212, 291, 259, 360, 391, 341, 309, 263, 231, 175, 267, 230, 255, 235, 352, 263, 303, 280, 309, 271, 310, 277, 285, 335, 230, 318, 262, 274, 325, 243, 210, 275, 239, 247, 187, 281, 314, 232, 324, 305, 271, 259, 285, 249, 236, 277, 257, 334, 259, 351, 237, 252, 336, 314]]"
"[7270, 860, 5734, 466, 4426, 8322, 769, 6949, 6420, 3385, 6396, 2558, 2747, 1899, 1267, 3890, 8433, 7513, 5486, 8226]","[9, 4, 6, 4, 0, 4, 4, 0, 7, 8, 4, 4, 3, 7, 4, 7, 3, 0, 3, 8]","[3, 7, 9, 6, 7, 5, 7, 1, 0, 5, 8, 9, 2, 6, 8, 6, 9, 4, 6, 0]",5          ,10     ,"[0.7433200462552841, 0.1535409749775899, 1.2568597249148354, 0.8530642988170851, 2.327771865764465, 2.768897040393453, 0.6121848979836789, 4.456369130031654, 0.5768315264176794, 11.79781535113443, 1.494825943738653, 0.9299503805710669, 1.635189227587106, 1.583786716426967, 0.8835599799267317, 1.1904574632437952, 1.8947203422542598, 1.7264839763218116, 0.6425968943048572, 0.1093851325671981]",950         ,500831,"[94, 95, 95, 95, 93, 96, 95, 96, 95, 96]"          ,combination_distribution_20,0.2        ,0.05          ,cifar  ,1.05                     ,0.99                       ,"[[1104, 629, 766, 622, 532, 510, 352, 342, 459, 526, 435, 470, 252, 472, 399, 412, 523, 444, 361, 327, 508, 344, 463, 488, 514, 544, 571, 499, 543, 365, 344, 558, 391, 474, 588, 460, 408, 615, 405, 498, 545, 569, 519, 535, 455, 495, 549, 457, 464, 599, 397, 538, 518, 404, 585, 527, 495, 445, 532, 490, 447, 560, 550, 520, 480, 442, 500, 517, 501, 560, 518, 567, 553, 543, 443, 501, 513, 462, 618, 386, 468, 503, 435, 535, 485, 494, 482, 498, 518, 409, 506, 399, 543, 506], [1105, 612, 779, 626, 490, 496, 352, 378, 452, 553, 311, 519, 303, 423, 349, 357, 485, 500, 460, 365, 455, 418, 446, 409, 435, 455, 464, 576, 523, 372, 389, 346, 655, 440, 377, 530, 474, 448, 643, 411, 468, 582, 549, 473, 480, 496, 423, 589, 571, 508, 529, 419, 520, 533, 346, 596, 534, 577, 437, 502, 510, 418, 546, 512, 567, 523, 425, 524, 492, 445, 580, 488, 625, 538, 483, 405, 487, 474, 483, 621, 414, 539, 452, 382, 496, 465, 453, 428, 515, 534, 506, 505, 359, 544, 512], [1029, 683, 750, 526, 346, 595, 321, 324, 404, 438, 540, 429, 363, 251, 473, 428, 424, 498, 425, 422, 283, 485, 351, 445, 448, 536, 561, 622, 467, 544, 361, 347, 561, 388, 522, 538, 466, 406, 629, 426, 490, 556, 534, 529, 519, 454, 498, 548, 556, 566, 558, 513, 538, 438, 350, 522, 499, 473, 398, 547, 522, 501, 483, 571, 556, 485, 426, 531, 516, 464, 588, 534, 639, 495, 535, 391, 500, 474, 483, 507, 428, 409, 520, 454, 504, 419, 423, 441, 431, 600, 555, 550, 390, 509, 543], [1010, 657, 813, 643, 467, 498, 380, 369, 432, 500, 329, 334, 321, 255, 503, 419, 537, 471, 315, 457, 333, 556, 459, 409, 520, 519, 471, 577, 534, 360, 416, 396, 547, 405, 444, 485, 463, 411, 613, 420, 478, 581, 509, 560, 537, 443, 474, 534, 556, 579, 531, 441, 498, 523, 352, 597, 533, 516, 419, 513, 509, 467, 511, 525, 570, 435, 427, 507, 540, 462, 590, 532, 589, 544, 536, 408, 486, 530, 428, 572, 364, 454, 543, 421, 501, 497, 467, 393, 347, 574, 526, 544, 388, 540, 449], [1013, 671, 814, 645, 511, 488, 373, 455, 445, 497, 474, 384, 256, 481, 417, 524, 506, 316, 400, 349, 498, 458, 403, 601, 477, 540, 577, 590, 403, 460, 635, 482, 450, 442, 448, 483, 647, 442, 479, 606, 558, 582, 549, 429, 394, 614, 565, 557, 504, 487, 537, 439, 423, 598, 465, 534, 437, 479, 494, 451, 546, 516, 564, 511, 439, 538, 478, 442, 572, 496, 619, 545, 483, 409, 556, 460, 458, 591, 412, 541, 451, 382, 495, 514, 482, 456, 579, 463, 407, 506, 360, 525, 387], [770, 676, 508, 764, 473, 508, 454, 382, 367, 407, 567, 301, 528, 271, 407, 308, 306, 539, 467, 313, 401, 313, 495, 308, 462, 467, 493, 587, 623, 523, 470, 353, 353, 598, 429, 449, 441, 447, 484, 620, 433, 475, 588, 598, 525, 623, 403, 417, 599, 514, 556, 572, 441, 584, 439, 449, 550, 465, 517, 396, 494, 526, 466, 522, 560, 564, 511, 443, 516, 497, 442, 547, 472, 648, 564, 486, 405, 462, 468, 429, 533, 423, 421, 527, 461, 511, 449, 421, 514, 383, 589, 511, 545, 389, 540, 447], [770, 678, 508, 762, 599, 582, 371, 351, 454, 433, 493, 442, 373, 364, 472, 346, 543, 459, 334, 452, 339, 500, 454, 455, 517, 520, 535, 512, 439, 443, 432, 532, 575, 437, 449, 518, 459, 494, 499, 463, 518, 563, 426, 469, 540, 429, 488, 594, 507, 524, 522, 486, 528, 447, 449, 574, 532, 465, 439, 451, 488, 465, 522, 495, 543, 441, 466, 476, 552, 483, 588, 488, 634, 526, 508, 443, 496, 477, 457, 530, 429, 408, 519, 420, 513, 447, 422, 480, 394, 535, 569, 515, 435, 515, 475], [739, 718, 538, 567, 593, 509, 533, 373, 354, 444, 528, 289, 374, 301, 330, 472, 380, 508, 462, 331, 384, 348, 548, 451, 414, 564, 461, 498, 517, 472, 489, 365, 372, 602, 456, 447, 486, 491, 382, 594, 460, 541, 552, 520, 502, 567, 457, 425, 531, 555, 576, 533, 443, 495, 566, 427, 574, 489, 531, 441, 477, 496, 451, 500, 509, 529, 472, 437, 434, 574, 502, 572, 502, 615, 466, 515, 472, 501, 514, 459, 530, 428, 408, 521, 421, 511, 447, 422, 441, 434, 593, 579, 535, 423, 528, 489], [768, 759, 488, 705, 597, 582, 439, 282, 455, 424, 502, 429, 362, 250, 475, 441, 551, 493, 333, 449, 366, 497, 477, 412, 555, 486, 464, 416, 455, 505, 401, 400, 598, 449, 400, 542, 496, 407, 602, 422, 506, 586, 538, 501, 608, 403, 421, 531, 557, 575, 534, 444, 494, 535, 380, 561, 531, 466, 435, 530, 484, 509, 565, 515, 547, 477, 470, 544, 494, 532, 549, 503, 608, 444, 467, 450, 498, 558, 399, 505, 393, 440, 521, 421, 513, 443, 424, 442, 452, 595, 559, 534, 387, 509, 441], [692, 755, 490, 536, 636, 510, 510, 355, 381, 417, 525, 291, 530, 269, 407, 359, 308, 485, 564, 369, 459, 488, 415, 465, 445, 508, 494, 445, 504, 535, 367, 476, 648, 472, 476, 581, 460, 342, 625, 428, 492, 587, 566, 551, 545, 432, 422, 596, 541, 583, 536, 432, 568, 526, 369, 560, 544, 467, 438, 502, 516, 449, 508, 512, 546, 478, 471, 544, 490, 446, 580, 487, 658, 468, 465, 432, 488, 499, 403, 531, 423, 387, 500, 330, 358, 478, 533, 467, 459, 545, 471, 456, 492, 468, 538, 477]]"
