original_index,y_orig,y_target,n_particles,n_nodes,distance           ,n_detections,calls,detections_per_node                       ,distribution_scheme              ,source_step,spherical_step,dataset,source_step_multiplier_up,source_step_multiplier_down,detections_all                                                                                                                                                                                                                                                                                                                                                                                                                                                                                                                                                                                                                                                                                                                                                                                                                                                                                                                                                                                                                                                                                                                                                                                                                                                                                                                                                                                                                                                                                                                                                                                                                                                                                                                                                                                                                          ,threshold
7270          ,9     ,3       ,5          ,10     ,0.8382517493677677 ,233         ,25024,"[24, 25, 24, 22, 22, 21, 22, 24, 24, 25]",insert_embedded_distance_based_20,0.2        ,0.05          ,cifar  ,1.05                     ,0.99                       ,"[[154, 313, 200, 156, 176, 58, 55, 116, 74, 62, 55, 56, 68, 58, 52, 64, 56, 60, 54, 55, 78, 58, 70, 60], [97, 129, 301, 285, 141, 57, 106, 91, 82, 56, 64, 56, 54, 55, 53, 55, 59, 55, 56, 54, 53, 54, 53, 71, 54], [86, 351, 168, 112, 139, 127, 113, 72, 96, 74, 57, 91, 60, 55, 54, 54, 59, 56, 63, 55, 59, 53, 61, 55], [143, 279, 174, 313, 56, 99, 128, 101, 64, 56, 86, 54, 72, 58, 55, 59, 57, 55, 66, 54, 53, 57], [234, 263, 171, 117, 164, 78, 81, 81, 54, 61, 59, 74, 78, 69, 54, 57, 54, 53, 55, 53, 55, 65], [127, 437, 311, 103, 99, 70, 103, 62, 53, 54, 54, 54, 82, 53, 74, 54, 60, 54, 67, 54, 56], [137, 403, 216, 154, 186, 95, 55, 54, 53, 54, 54, 55, 60, 52, 56, 52, 54, 55, 55, 53, 70, 70], [83, 335, 274, 147, 134, 61, 54, 103, 53, 54, 68, 53, 84, 54, 58, 53, 54, 54, 53, 58, 54, 55, 78, 67], [212, 410, 142, 131, 107, 108, 74, 54, 55, 54, 55, 53, 54, 67, 60, 56, 53, 57, 53, 55, 54, 53, 55, 67], [224, 345, 77, 153, 85, 74, 125, 72, 88, 73, 56, 54, 61, 53, 74, 65, 54, 56, 53, 59, 53, 73, 53, 66, 53]]"                                                                                                                                                                                                                                                                                                                                                                                                                                                                                                                                                                                                                                                                                                                                                                                         ,1.0
860           ,4     ,7       ,5          ,10     ,0.16994215925614192,300         ,25004,"[31, 30, 32, 27, 31, 31, 32, 29, 30, 27]",insert_embedded_distance_based_20,0.2        ,0.05          ,cifar  ,1.05                     ,0.99                       ,"[[174, 223, 119, 98, 88, 62, 70, 99, 56, 62, 74, 60, 67, 60, 68, 55, 62, 54, 55, 53, 58, 53, 70, 62, 83, 72, 54, 89, 64, 80, 69], [146, 76, 119, 63, 81, 71, 64, 61, 64, 59, 57, 66, 66, 63, 65, 53, 54, 53, 72, 55, 55, 55, 56, 57, 54, 80, 63, 90, 69, 53], [205, 106, 70, 113, 123, 78, 72, 74, 59, 81, 67, 74, 60, 66, 59, 58, 63, 64, 57, 54, 63, 61, 53, 54, 54, 54, 54, 84, 83, 76, 91, 53], [190, 99, 111, 84, 59, 67, 78, 75, 69, 57, 69, 61, 55, 60, 60, 55, 53, 64, 62, 54, 53, 66, 55, 78, 66, 110, 96], [179, 140, 87, 89, 57, 68, 64, 58, 79, 89, 63, 62, 61, 65, 66, 65, 53, 68, 53, 63, 53, 56, 57, 53, 55, 55, 70, 77, 60, 53, 57], [266, 135, 61, 202, 97, 56, 75, 66, 57, 69, 69, 57, 75, 55, 64, 58, 64, 58, 53, 54, 62, 55, 53, 56, 53, 98, 61, 72, 55, 55, 53], [147, 304, 137, 123, 79, 70, 71, 90, 76, 61, 63, 66, 62, 55, 57, 68, 57, 61, 55, 57, 58, 62, 55, 53, 58, 60, 87, 68, 80, 64, 53, 65], [280, 163, 58, 128, 68, 90, 57, 70, 91, 65, 72, 61, 66, 54, 57, 59, 61, 55, 54, 54, 70, 56, 67, 73, 55, 61, 54, 105, 91], [257, 87, 97, 100, 77, 66, 69, 86, 77, 88, 65, 72, 65, 54, 69, 55, 64, 62, 53, 60, 53, 61, 54, 54, 99, 53, 62, 64, 54, 54], [134, 127, 87, 95, 125, 113, 58, 60, 80, 62, 79, 65, 64, 72, 54, 56, 55, 58, 52, 58, 54, 54, 77, 70, 74, 63, 77]]"                                                                                                                                                                                                                                                                                                                                                                                                                                                                                                                                   ,1.0
5734          ,6     ,9       ,5          ,10     ,1.2557557288326744 ,96          ,25003,"[17, 9, 10, 8, 11, 7, 9, 9, 9, 7]"       ,insert_embedded_distance_based_20,0.2        ,0.05          ,cifar  ,1.05                     ,0.99                       ,"[[729, 63, 66, 97, 72, 131, 59, 93, 284, 101, 87, 94, 94, 85, 101, 103, 88], [570, 236, 89, 138, 76, 129, 66, 84, 243], [470, 211, 137, 61, 128, 135, 61, 95, 151, 403], [664, 219, 78, 130, 140, 90, 302, 360], [95, 63, 77, 131, 70, 108, 61, 94, 66, 215, 259], [765, 84, 161, 129, 70, 100, 414], [744, 90, 80, 88, 169, 62, 91, 52, 299], [709, 95, 80, 149, 120, 139, 68, 55, 310], [203, 95, 82, 93, 113, 98, 90, 291, 236], [85, 137, 162, 92, 73, 57, 332]]"                                                                                                                                                                                                                                                                                                                                                                                                                                                                                                                                                                                                                                                                                                                                                                                                                                                                                                                                                                                                                                                                                                                                                                                                                                                                                                                                                                  ,1.0
466           ,4     ,6       ,5          ,10     ,1.190108592286643  ,224         ,25053,"[31, 24, 20, 20, 21, 20, 23, 20, 23, 22]",insert_embedded_distance_based_20,0.2        ,0.05          ,cifar  ,1.05                     ,0.99                       ,"[[107, 94, 95, 104, 88, 459, 82, 68, 73, 79, 61, 73, 136, 52, 60, 68, 56, 105, 62, 53, 56, 53, 54, 54, 54, 53, 56, 53, 56, 56, 53], [74, 131, 99, 69, 88, 313, 378, 212, 64, 92, 66, 90, 53, 54, 65, 53, 53, 53, 55, 56, 56, 54, 53, 54], [119, 70, 78, 650, 273, 75, 89, 86, 61, 64, 57, 60, 52, 55, 53, 53, 54, 55, 55, 53], [128, 99, 108, 604, 246, 52, 76, 130, 58, 82, 60, 61, 54, 54, 56, 57, 54, 53, 55, 52], [91, 98, 82, 89, 659, 197, 80, 62, 81, 90, 67, 61, 66, 62, 53, 55, 57, 53, 54, 53, 55], [100, 99, 94, 677, 184, 67, 133, 59, 102, 63, 53, 54, 52, 65, 54, 54, 53, 54, 55, 56], [122, 77, 91, 86, 76, 86, 445, 386, 107, 94, 94, 130, 54, 66, 58, 79, 53, 55, 63, 56, 53, 54, 53], [105, 69, 90, 85, 112, 83, 93, 88, 638, 189, 151, 102, 74, 65, 53, 64, 54, 54, 62, 55], [99, 130, 97, 84, 108, 810, 82, 111, 87, 77, 55, 54, 61, 53, 54, 54, 55, 55, 54, 56, 53, 56, 53], [103, 85, 82, 96, 104, 790, 130, 72, 127, 68, 100, 61, 60, 55, 55, 52, 53, 54, 54, 54, 54, 53]]"                                                                                                                                                                                                                                                                                                                                                                                                                                                                                                                                                                                                                                                                                                                                                                                                                                     ,1.0
4426          ,0     ,7       ,5          ,10     ,2.8233319124482934 ,308         ,25001,"[46, 28, 31, 25, 28, 33, 34, 26, 28, 29]",insert_embedded_distance_based_20,0.2        ,0.05          ,cifar  ,1.05                     ,0.99                       ,"[[134, 66, 76, 57, 62, 111, 58, 57, 57, 55, 66, 62, 84, 56, 53, 90, 54, 61, 53, 56, 53, 58, 53, 59, 54, 54, 56, 53, 71, 57, 53, 55, 53, 54, 53, 71, 75, 69, 72, 72, 76, 80, 63, 84, 66, 105], [157, 116, 87, 154, 60, 61, 54, 55, 54, 53, 65, 54, 55, 56, 53, 54, 77, 54, 54, 54, 53, 54, 53, 62, 54, 53, 172, 93], [103, 71, 69, 74, 64, 138, 65, 60, 52, 58, 58, 67, 55, 79, 55, 55, 53, 66, 84, 85, 62, 57, 60, 53, 54, 54, 55, 53, 54, 53, 161], [90, 69, 78, 86, 106, 53, 53, 63, 53, 67, 66, 77, 53, 61, 65, 54, 53, 54, 55, 53, 54, 58, 52, 55, 159], [127, 78, 73, 78, 60, 67, 145, 65, 54, 55, 55, 53, 76, 58, 94, 62, 54, 61, 83, 55, 55, 55, 53, 54, 76, 54, 53, 184], [68, 72, 53, 92, 60, 56, 115, 64, 54, 61, 81, 55, 53, 76, 71, 85, 60, 96, 53, 55, 54, 56, 53, 55, 53, 53, 55, 54, 53, 54, 53, 144, 119], [122, 73, 70, 71, 71, 151, 67, 71, 57, 54, 53, 54, 55, 54, 68, 53, 55, 60, 55, 53, 53, 61, 55, 52, 55, 58, 53, 56, 55, 54, 54, 54, 54, 167], [76, 81, 77, 52, 172, 52, 54, 58, 56, 54, 66, 53, 57, 54, 70, 63, 67, 54, 54, 54, 58, 53, 53, 54, 53, 169], [109, 101, 57, 67, 65, 146, 61, 53, 58, 64, 54, 67, 53, 55, 76, 54, 75, 54, 54, 80, 63, 54, 53, 61, 52, 54, 53, 187], [110, 72, 65, 77, 86, 54, 161, 53, 53, 56, 53, 62, 56, 75, 86, 57, 72, 88, 55, 57, 53, 57, 54, 54, 54, 54, 63, 54, 172]]"                                                                                                                                                                                                                                                                                                                                                                                                                                                                                                    ,1.0
8322          ,4     ,5       ,5          ,10     ,0.5690251020022713 ,287         ,25001,"[52, 23, 31, 26, 23, 28, 28, 26, 25, 25]",insert_embedded_distance_based_20,0.2        ,0.05          ,cifar  ,1.05                     ,0.99                       ,"[[58, 62, 72, 74, 57, 60, 53, 108, 61, 60, 53, 58, 57, 55, 61, 57, 59, 59, 57, 62, 69, 65, 56, 56, 56, 79, 140, 94, 76, 77, 71, 71, 87, 58, 73, 73, 72, 58, 63, 70, 87, 66, 74, 71, 71, 72, 75, 76, 72, 78, 74, 75], [110, 61, 140, 61, 96, 76, 85, 56, 57, 57, 70, 64, 57, 73, 67, 54, 54, 59, 54, 54, 55, 182, 154], [55, 82, 54, 75, 83, 57, 53, 101, 82, 60, 53, 58, 58, 55, 71, 66, 56, 56, 54, 56, 55, 54, 53, 54, 55, 54, 57, 81, 148, 155, 59], [66, 56, 89, 87, 116, 54, 65, 69, 59, 63, 56, 54, 60, 56, 56, 58, 58, 58, 53, 59, 57, 60, 67, 58, 130, 129], [57, 122, 61, 89, 64, 59, 57, 59, 61, 59, 58, 58, 56, 55, 57, 55, 57, 54, 54, 56, 55, 91, 135], [55, 62, 65, 60, 87, 91, 63, 85, 55, 75, 67, 53, 80, 59, 55, 54, 58, 64, 71, 67, 68, 56, 54, 55, 55, 55, 62, 178], [72, 63, 89, 84, 65, 68, 53, 58, 64, 60, 75, 57, 56, 61, 61, 54, 61, 57, 58, 53, 54, 54, 55, 56, 54, 57, 66, 180], [55, 53, 63, 65, 80, 75, 66, 57, 60, 55, 55, 94, 86, 56, 66, 65, 60, 55, 59, 59, 58, 55, 74, 54, 62, 194], [56, 56, 82, 65, 62, 60, 63, 110, 58, 60, 71, 59, 60, 64, 57, 56, 62, 54, 57, 54, 60, 64, 56, 91, 182], [59, 54, 83, 83, 98, 70, 80, 60, 80, 59, 66, 55, 59, 56, 53, 54, 58, 53, 56, 52, 54, 54, 53, 58, 209]]"                                                                                                                                                                                                                                                                                                                                                                                                                                                                                                                                                                                                  ,1.0
769           ,4     ,7       ,5          ,10     ,0.7747029941701842 ,237         ,25008,"[20, 22, 23, 26, 24, 23, 26, 23, 25, 25]",insert_embedded_distance_based_20,0.2        ,0.05          ,cifar  ,1.05                     ,0.99                       ,"[[267, 137, 228, 128, 109, 136, 131, 62, 76, 69, 55, 54, 68, 53, 59, 67, 55, 56, 74, 79], [103, 94, 130, 77, 178, 62, 119, 89, 110, 86, 86, 64, 55, 54, 53, 75, 52, 66, 65, 69, 54, 63], [213, 80, 110, 136, 100, 206, 84, 70, 96, 75, 71, 61, 54, 57, 56, 53, 67, 56, 55, 78, 66, 69, 58], [202, 89, 208, 95, 106, 59, 84, 55, 76, 64, 70, 70, 76, 65, 54, 75, 54, 61, 57, 75, 74, 76, 54, 61, 54, 77], [278, 184, 67, 54, 155, 110, 78, 57, 73, 63, 85, 73, 67, 56, 58, 77, 64, 54, 81, 54, 55, 71, 63, 54], [204, 231, 105, 81, 87, 128, 70, 53, 98, 67, 77, 54, 61, 61, 65, 53, 80, 61, 55, 62, 54, 54, 53], [204, 150, 164, 97, 99, 121, 76, 68, 105, 88, 72, 54, 65, 84, 53, 55, 59, 68, 55, 54, 77, 62, 54, 54, 85, 58], [248, 155, 94, 88, 87, 87, 53, 102, 53, 93, 56, 65, 53, 72, 65, 52, 54, 57, 76, 54, 76, 53, 64], [182, 127, 189, 131, 85, 84, 160, 78, 115, 72, 57, 79, 83, 59, 70, 56, 53, 54, 54, 54, 56, 67, 62, 65, 67], [191, 76, 115, 78, 112, 88, 73, 58, 83, 54, 98, 79, 84, 57, 54, 54, 63, 61, 56, 67, 53, 80, 53, 53, 62]]"                                                                                                                                                                                                                                                                                                                                                                                                                                                                                                                                                                                                                                                                                                                                                                                 ,1.0
6949          ,0     ,1       ,5          ,10     ,8.611569939131675  ,103         ,25000,"[79, 3, 3, 3, 2, 2, 1, 2, 5, 3]"         ,insert_embedded_distance_based_20,0.2        ,0.05          ,cifar  ,1.05                     ,0.99                       ,"[[152, 66, 62, 78, 63, 82, 88, 57, 81, 75, 75, 80, 76, 72, 76, 66, 69, 79, 84, 86, 61, 84, 80, 76, 87, 70, 74, 53, 102, 67, 59, 67, 71, 91, 87, 71, 75, 101, 93, 68, 71, 79, 79, 72, 77, 73, 66, 90, 71, 74, 77, 78, 82, 86, 87, 84, 74, 70, 66, 76, 83, 76, 68, 93, 82, 77, 73, 71, 75, 76, 82, 72, 75, 81, 83, 91, 76, 66, 59], [359, 82, 102], [401, 94, 58], [348, 65, 107], [362, 116], [113, 91], [93], [94, 242], [433, 82, 56, 65, 54], [335, 99, 101]]"                                                                                                                                                                                                                                                                                                                                                                                                                                                                                                                                                                                                                                                                                                                                                                                                                                                                                                                                                                                                                                                                                                                                                                                                                                                                                                                                                                       ,1.0
6420          ,7     ,0       ,5          ,10     ,0.5872687206139451 ,303         ,25053,"[36, 29, 28, 26, 30, 32, 33, 31, 28, 30]",insert_embedded_distance_based_20,0.2        ,0.05          ,cifar  ,1.05                     ,0.99                       ,"[[94, 57, 56, 53, 58, 65, 54, 69, 98, 93, 58, 102, 66, 99, 57, 87, 74, 90, 88, 94, 58, 53, 91, 103, 88, 86, 74, 78, 55, 53, 73, 59, 65, 60, 56, 53], [51, 56, 53, 55, 67, 67, 86, 88, 121, 118, 92, 95, 101, 67, 77, 60, 103, 96, 67, 54, 61, 53, 60, 56, 53, 63, 69, 54, 59], [60, 76, 63, 69, 104, 85, 78, 68, 82, 143, 89, 82, 84, 102, 101, 88, 75, 101, 64, 97, 64, 53, 61, 56, 62, 85, 56, 54], [61, 81, 51, 83, 85, 52, 124, 95, 87, 127, 96, 54, 99, 160, 79, 90, 70, 61, 68, 61, 65, 82, 55, 60, 55, 53], [55, 54, 54, 60, 105, 77, 98, 58, 56, 53, 92, 125, 57, 105, 106, 75, 57, 89, 63, 73, 118, 106, 53, 64, 86, 85, 65, 80, 57, 57], [58, 52, 57, 90, 55, 108, 75, 56, 71, 101, 54, 110, 55, 113, 67, 75, 54, 112, 69, 78, 56, 75, 70, 54, 62, 53, 56, 54, 63, 65, 54, 54], [58, 57, 77, 71, 66, 67, 103, 86, 53, 55, 75, 93, 104, 93, 125, 68, 73, 98, 73, 63, 94, 117, 62, 57, 77, 55, 65, 54, 73, 56, 70, 85, 62], [90, 52, 52, 55, 63, 54, 78, 108, 111, 150, 84, 76, 108, 73, 67, 57, 84, 132, 53, 80, 87, 55, 64, 74, 57, 77, 54, 57, 70, 55, 55], [165, 52, 79, 123, 83, 85, 83, 105, 99, 118, 64, 98, 86, 77, 103, 54, 94, 54, 53, 67, 63, 81, 72, 70, 69, 54, 55, 61], [65, 53, 56, 89, 94, 74, 63, 94, 112, 78, 82, 113, 102, 64, 67, 116, 78, 94, 94, 54, 82, 80, 56, 54, 68, 57, 67, 75, 60, 59]]"                                                                                                                                                                                                                                                                                                                                                                                                                                                                                                           ,1.0
3385          ,8     ,5       ,5          ,10     ,2.4183138069460677 ,188         ,25001,"[32, 19, 16, 17, 17, 16, 18, 19, 18, 16]",insert_embedded_distance_based_20,0.2        ,0.05          ,cifar  ,1.05                     ,0.99                       ,"[[127, 496, 118, 132, 100, 66, 62, 75, 62, 59, 87, 63, 88, 61, 55, 56, 64, 58, 94, 126, 86, 61, 70, 71, 96, 118, 57, 69, 65, 60, 86, 67], [172, 655, 151, 101, 58, 57, 68, 55, 53, 54, 80, 57, 57, 60, 53, 57, 67, 102, 165], [637, 112, 103, 64, 64, 88, 69, 54, 75, 54, 66, 56, 63, 61, 62, 172], [149, 552, 134, 138, 74, 53, 83, 61, 70, 55, 71, 57, 59, 56, 65, 128, 128], [111, 625, 167, 84, 62, 54, 79, 78, 68, 56, 56, 75, 61, 65, 58, 78, 184], [160, 630, 134, 106, 99, 79, 87, 62, 84, 54, 68, 65, 65, 60, 93, 115], [139, 623, 89, 93, 106, 53, 81, 67, 75, 63, 76, 55, 58, 57, 57, 61, 64, 120], [186, 573, 141, 88, 70, 54, 59, 72, 70, 73, 73, 55, 55, 57, 56, 57, 61, 60, 177], [610, 91, 112, 71, 82, 75, 71, 53, 61, 73, 68, 81, 61, 59, 63, 58, 125, 120], [146, 571, 105, 140, 87, 61, 62, 59, 56, 66, 54, 75, 60, 66, 58, 231]]"                                                                                                                                                                                                                                                                                                                                                                                                                                                                                                                                                                                                                                                                                                                                                                                                                                                                                                                                                                                 ,1.0
6396          ,4     ,8       ,5          ,10     ,1.4825189343361491 ,202         ,25069,"[20, 22, 20, 20, 23, 17, 19, 23, 18, 20]",insert_embedded_distance_based_20,0.2        ,0.05          ,cifar  ,1.05                     ,0.99                       ,"[[155, 98, 171, 153, 131, 107, 176, 55, 109, 129, 84, 54, 70, 56, 53, 95, 98, 64, 119, 54], [169, 107, 180, 208, 133, 81, 59, 105, 95, 53, 67, 93, 95, 104, 74, 80, 82, 53, 102, 54, 68, 56], [177, 58, 188, 169, 135, 140, 152, 183, 77, 102, 54, 61, 75, 83, 68, 94, 55, 77, 78, 54], [118, 127, 202, 225, 152, 75, 79, 91, 106, 76, 57, 98, 66, 75, 70, 95, 68, 85, 78, 56], [189, 155, 117, 102, 115, 205, 211, 185, 124, 67, 66, 105, 79, 54, 64, 74, 63, 74, 80, 55, 66, 69, 56], [119, 66, 102, 184, 199, 148, 127, 144, 123, 116, 105, 99, 90, 84, 85, 65, 101], [225, 93, 124, 173, 158, 144, 136, 87, 76, 116, 87, 66, 70, 57, 59, 100, 53, 88, 55], [203, 76, 111, 213, 118, 86, 139, 111, 76, 112, 99, 129, 62, 54, 77, 65, 63, 84, 101, 61, 68, 105, 62], [290, 224, 127, 155, 141, 121, 114, 114, 109, 111, 104, 78, 113, 79, 62, 69, 71, 54], [213, 114, 148, 212, 112, 134, 55, 94, 90, 81, 76, 94, 87, 100, 63, 103, 59, 57, 73, 59]]"                                                                                                                                                                                                                                                                                                                                                                                                                                                                                                                                                                                                                                                                                                                                                                                                                                                                                ,1.0
2558          ,4     ,9       ,5          ,10     ,0.7449871331159034 ,199         ,25004,"[23, 19, 18, 19, 20, 19, 20, 19, 22, 20]",insert_embedded_distance_based_20,0.2        ,0.05          ,cifar  ,1.05                     ,0.99                       ,"[[138, 496, 125, 54, 117, 84, 100, 55, 73, 73, 53, 53, 66, 65, 54, 60, 57, 61, 72, 64, 57, 55, 157], [541, 134, 90, 121, 79, 65, 68, 54, 75, 68, 72, 54, 59, 53, 55, 58, 60, 56, 196], [620, 153, 157, 76, 62, 66, 54, 58, 69, 67, 73, 60, 56, 61, 54, 55, 59, 192], [651, 140, 114, 82, 57, 68, 54, 59, 53, 77, 54, 66, 68, 57, 56, 57, 59, 57, 91], [585, 141, 90, 103, 81, 64, 57, 69, 74, 53, 55, 59, 58, 68, 56, 56, 57, 61, 61, 56], [137, 594, 129, 128, 70, 87, 55, 63, 74, 70, 54, 58, 54, 57, 54, 60, 55, 55, 170], [514, 176, 143, 61, 64, 75, 56, 54, 72, 67, 69, 70, 56, 54, 54, 57, 60, 59, 58, 120], [225, 288, 351, 150, 119, 73, 85, 55, 53, 66, 79, 54, 70, 69, 74, 56, 59, 58, 56], [515, 114, 104, 93, 97, 74, 55, 61, 53, 73, 53, 54, 55, 53, 81, 56, 57, 55, 57, 68, 65, 57], [583, 116, 71, 97, 101, 58, 67, 56, 54, 60, 58, 64, 65, 59, 63, 54, 60, 68, 56, 57]]"                                                                                                                                                                                                                                                                                                                                                                                                                                                                                                                                                                                                                                                                                                                                                                                                                                                                                                                                              ,1.0
2747          ,3     ,2       ,5          ,10     ,1.4249322936568745 ,285         ,25020,"[26, 28, 26, 27, 29, 29, 27, 30, 32, 31]",insert_embedded_distance_based_20,0.2        ,0.05          ,cifar  ,1.05                     ,0.99                       ,"[[101, 299, 232, 139, 69, 69, 67, 54, 60, 54, 75, 55, 55, 56, 53, 55, 58, 55, 58, 60, 55, 55, 54, 55, 53, 55], [102, 253, 76, 156, 109, 124, 94, 76, 65, 55, 59, 59, 56, 55, 53, 55, 53, 57, 52, 55, 54, 54, 52, 54, 54, 56, 53, 54], [139, 251, 116, 143, 126, 62, 104, 75, 54, 57, 54, 55, 56, 54, 54, 54, 54, 55, 53, 54, 57, 55, 53, 54, 55, 54], [152, 217, 83, 57, 156, 110, 101, 78, 65, 58, 56, 59, 54, 60, 55, 55, 54, 54, 53, 55, 53, 58, 54, 53, 56, 53, 56], [95, 151, 231, 81, 117, 127, 62, 67, 55, 64, 54, 64, 58, 63, 55, 58, 59, 52, 54, 54, 53, 53, 55, 53, 54, 55, 56, 53, 56], [117, 162, 184, 124, 178, 111, 77, 69, 56, 59, 55, 54, 61, 54, 53, 57, 56, 57, 54, 56, 54, 59, 54, 55, 53, 55, 53, 54, 54], [112, 257, 86, 227, 87, 53, 65, 60, 69, 55, 57, 54, 57, 55, 53, 55, 56, 56, 53, 54, 53, 57, 53, 55, 53, 54, 56], [169, 115, 130, 99, 109, 109, 60, 70, 61, 69, 59, 56, 57, 58, 61, 53, 58, 53, 54, 53, 57, 53, 55, 55, 57, 53, 55, 55, 53, 55], [121, 197, 112, 187, 128, 60, 60, 59, 55, 56, 59, 61, 55, 55, 58, 53, 54, 56, 55, 54, 56, 53, 54, 54, 53, 54, 54, 55, 55, 52, 55, 53], [103, 280, 85, 84, 108, 147, 99, 58, 56, 55, 64, 62, 57, 64, 62, 57, 57, 56, 53, 53, 55, 53, 60, 53, 54, 54, 56, 54, 53, 55, 53]]"                                                                                                                                                                                                                                                                                                                                                                                                                                                                                                                                                                               ,1.0
1899          ,7     ,6       ,5          ,10     ,1.8996747730601986 ,131         ,25006,"[13, 14, 14, 11, 10, 13, 12, 14, 15, 15]",insert_embedded_distance_based_20,0.2        ,0.05          ,cifar  ,1.05                     ,0.99                       ,"[[411, 524, 105, 157, 99, 114, 82, 61, 83, 79, 91, 56, 57], [330, 636, 132, 71, 187, 68, 99, 72, 64, 77, 55, 60, 88, 80], [189, 974, 125, 89, 127, 127, 57, 59, 74, 58, 55, 76, 61, 71], [626, 484, 125, 108, 153, 77, 60, 53, 61, 87, 54], [666, 411, 105, 155, 173, 65, 78, 88, 57, 53], [621, 376, 93, 180, 55, 90, 54, 78, 54, 56, 56, 54, 96], [202, 975, 125, 164, 89, 64, 87, 59, 70, 61, 72, 99], [881, 157, 91, 212, 88, 53, 58, 60, 71, 69, 55, 92, 53, 57], [113, 958, 119, 110, 129, 92, 62, 57, 70, 55, 56, 76, 62, 66, 61], [460, 293, 315, 80, 66, 111, 72, 101, 103, 54, 59, 53, 98, 55, 75]]"                                                                                                                                                                                                                                                                                                                                                                                                                                                                                                                                                                                                                                                                                                                                                                                                                                                                                                                                                                                                                                                                                                                                                                                                                         ,1.0
1267          ,4     ,8       ,5          ,10     ,0.9428896065601752 ,200         ,25003,"[19, 20, 20, 18, 19, 19, 22, 22, 20, 21]",insert_embedded_distance_based_20,0.2        ,0.05          ,cifar  ,1.05                     ,0.99                       ,"[[556, 135, 57, 97, 58, 58, 63, 70, 56, 62, 86, 69, 54, 53, 59, 55, 55, 54, 65], [663, 129, 114, 58, 71, 59, 53, 74, 56, 54, 75, 63, 57, 53, 55, 55, 54, 54, 55, 53], [685, 159, 114, 56, 83, 92, 57, 53, 59, 61, 54, 53, 56, 67, 61, 76, 63, 63, 72, 55], [335, 127, 144, 115, 107, 59, 54, 54, 56, 64, 56, 54, 73, 53, 77, 54, 56, 53], [381, 464, 107, 127, 84, 58, 74, 53, 56, 54, 71, 56, 56, 57, 62, 65, 53, 54, 54], [389, 415, 184, 163, 91, 76, 62, 64, 54, 54, 64, 61, 53, 55, 55, 66, 67, 55, 53], [350, 511, 147, 117, 70, 91, 54, 56, 79, 57, 60, 56, 55, 53, 57, 58, 53, 56, 54, 58, 55, 54], [319, 313, 184, 125, 64, 76, 53, 54, 65, 55, 55, 61, 82, 54, 61, 54, 56, 54, 66, 54, 56, 55], [802, 242, 113, 117, 57, 70, 67, 56, 54, 60, 62, 62, 54, 56, 55, 52, 61, 55, 53, 56], [501, 125, 91, 147, 106, 67, 71, 53, 59, 54, 61, 53, 57, 54, 56, 65, 54, 56, 63, 55, 66]]"                                                                                                                                                                                                                                                                                                                                                                                                                                                                                                                                                                                                                                                                                                                                                                                                                                                                                                                                             ,1.0
3890          ,7     ,6       ,5          ,10     ,1.956378696650761  ,136         ,25050,"[13, 13, 15, 13, 15, 15, 12, 14, 13, 13]",insert_embedded_distance_based_20,0.2        ,0.05          ,cifar  ,1.05                     ,0.99                       ,"[[96, 190, 582, 296, 283, 129, 83, 94, 128, 117, 108, 62, 63], [76, 76, 160, 138, 94, 208, 786, 159, 134, 112, 125, 72, 56], [110, 80, 128, 105, 605, 219, 158, 146, 107, 142, 108, 124, 67, 54, 53], [71, 76, 96, 115, 124, 927, 104, 71, 137, 132, 92, 105, 76], [127, 93, 88, 145, 130, 249, 848, 103, 120, 125, 111, 76, 67, 53, 71], [82, 89, 75, 363, 517, 133, 117, 128, 123, 125, 68, 110, 92, 76, 53], [68, 106, 362, 712, 113, 162, 132, 111, 99, 94, 90, 53], [129, 99, 182, 320, 689, 145, 98, 92, 65, 132, 109, 73, 71, 69], [92, 83, 415, 465, 256, 141, 118, 85, 89, 136, 81, 92, 64], [106, 84, 134, 274, 637, 191, 121, 160, 67, 133, 132, 56, 76]]"                                                                                                                                                                                                                                                                                                                                                                                                                                                                                                                                                                                                                                                                                                                                                                                                                                                                                                                                                                                                                                                                                                                                                                  ,1.0
8433          ,3     ,9       ,5          ,10     ,1.484185748136473  ,133         ,25088,"[29, 11, 10, 11, 10, 12, 13, 13, 13, 11]",insert_embedded_distance_based_20,0.2        ,0.05          ,cifar  ,1.05                     ,0.99                       ,"[[118, 642, 106, 75, 68, 115, 107, 67, 58, 57, 59, 83, 104, 92, 85, 72, 101, 59, 90, 70, 67, 113, 88, 75, 79, 97, 83, 125, 103], [739, 90, 98, 83, 66, 61, 150, 91, 56, 279, 163], [161, 122, 701, 133, 88, 200, 109, 267, 222, 90], [169, 535, 145, 92, 76, 96, 56, 55, 214, 75, 466], [611, 88, 77, 104, 60, 155, 74, 70, 268, 259], [134, 575, 143, 87, 92, 56, 83, 137, 61, 53, 232, 208], [193, 570, 66, 91, 57, 80, 91, 71, 183, 82, 223, 258, 65], [169, 651, 99, 98, 68, 66, 164, 92, 72, 65, 139, 135, 202], [531, 144, 88, 73, 58, 55, 59, 52, 137, 93, 98, 242, 327], [885, 79, 80, 84, 55, 114, 115, 57, 210, 92, 223]]"                                                                                                                                                                                                                                                                                                                                                                                                                                                                                                                                                                                                                                                                                                                                                                                                                                                                                                                                                                                                                                                                                                                                                                                                   ,1.0
7513          ,0     ,4       ,5          ,10     ,1.8044206124282762 ,158         ,25004,"[16, 12, 14, 15, 16, 18, 17, 14, 17, 19]",insert_embedded_distance_based_20,0.2        ,0.05          ,cifar  ,1.05                     ,0.99                       ,"[[259, 197, 134, 107, 132, 101, 73, 57, 55, 62, 78, 55, 64, 53, 90, 53], [377, 192, 121, 137, 104, 125, 86, 79, 80, 75, 62, 94], [453, 155, 150, 136, 117, 81, 79, 76, 73, 69, 71, 55, 81, 62], [144, 100, 178, 86, 104, 69, 81, 68, 86, 87, 87, 55, 85, 58, 55], [476, 162, 183, 141, 111, 62, 90, 66, 77, 75, 75, 59, 55, 75, 63, 53], [523, 151, 106, 182, 55, 75, 62, 112, 59, 54, 56, 58, 86, 67, 55, 85, 88, 54], [335, 179, 170, 96, 127, 93, 61, 54, 83, 62, 56, 53, 59, 67, 61, 58, 55], [417, 149, 140, 67, 76, 106, 77, 72, 73, 90, 59, 65, 79, 92], [182, 136, 158, 86, 83, 57, 96, 57, 90, 88, 54, 57, 55, 81, 87, 81, 55], [237, 149, 129, 150, 80, 56, 88, 75, 75, 78, 57, 58, 71, 57, 70, 53, 71, 71, 99]]"                                                                                                                                                                                                                                                                                                                                                                                                                                                                                                                                                                                                                                                                                                                                                                                                                                                                                                                                                                                                                                                                                                            ,1.0
5486          ,3     ,6       ,5          ,10     ,0.8180550686711895 ,259         ,25014,"[30, 27, 26, 24, 26, 21, 26, 24, 25, 30]",insert_embedded_distance_based_20,0.2        ,0.05          ,cifar  ,1.05                     ,0.99                       ,"[[111, 99, 94, 62, 412, 103, 61, 55, 133, 57, 91, 73, 54, 54, 72, 56, 70, 56, 55, 70, 54, 54, 70, 55, 69, 54, 62, 54, 59, 53], [89, 64, 64, 91, 69, 103, 95, 474, 113, 83, 114, 94, 55, 55, 70, 54, 65, 53, 54, 56, 61, 57, 74, 60, 61, 58, 55], [112, 55, 71, 70, 61, 60, 480, 123, 146, 72, 56, 53, 77, 69, 55, 85, 75, 53, 54, 67, 54, 55, 53, 69, 58, 58], [95, 95, 97, 71, 494, 138, 107, 61, 74, 82, 53, 76, 55, 54, 68, 62, 54, 54, 55, 74, 68, 65, 75, 54], [111, 69, 75, 98, 80, 84, 74, 515, 120, 111, 82, 53, 60, 54, 70, 75, 67, 54, 53, 67, 54, 54, 69, 53, 57, 56], [129, 94, 75, 89, 77, 403, 191, 204, 53, 93, 58, 66, 56, 69, 55, 53, 66, 71, 56, 54, 72], [119, 84, 71, 63, 484, 105, 73, 74, 117, 53, 66, 55, 73, 61, 86, 55, 71, 55, 53, 60, 57, 54, 65, 64, 56, 60], [106, 96, 95, 78, 485, 89, 131, 63, 54, 56, 57, 70, 55, 74, 56, 54, 80, 63, 60, 56, 60, 54, 55, 75], [111, 92, 102, 79, 145, 254, 159, 69, 153, 54, 96, 57, 74, 55, 72, 54, 66, 64, 54, 55, 83, 60, 71, 54, 70], [95, 77, 85, 79, 82, 81, 441, 146, 130, 114, 64, 84, 70, 67, 60, 53, 53, 66, 57, 63, 56, 54, 59, 55, 55, 54, 55, 58, 57, 71]]"                                                                                                                                                                                                                                                                                                                                                                                                                                                                                                                                                                                                                                                                                              ,1.0
8226          ,8     ,0       ,5          ,10     ,0.10356813406963017,435         ,25006,"[37, 49, 42, 46, 41, 46, 47, 47, 40, 40]",insert_embedded_distance_based_20,0.2        ,0.05          ,cifar  ,1.05                     ,0.99                       ,"[[64, 70, 79, 74, 81, 60, 53, 55, 52, 54, 54, 53, 56, 53, 57, 53, 55, 54, 53, 55, 53, 54, 54, 54, 53, 54, 52, 54, 53, 55, 53, 54, 53, 54, 53, 55, 55], [67, 64, 54, 62, 66, 54, 76, 83, 76, 90, 59, 53, 55, 54, 53, 53, 56, 53, 55, 57, 53, 53, 55, 53, 55, 53, 56, 54, 54, 53, 54, 53, 54, 53, 55, 55, 53, 54, 53, 54, 54, 53, 55, 54, 53, 54, 53, 54, 53], [65, 67, 77, 59, 115, 63, 54, 53, 53, 55, 54, 57, 54, 54, 53, 57, 53, 54, 54, 54, 53, 54, 53, 55, 53, 54, 52, 55, 55, 53, 55, 52, 66, 54, 52, 54, 54, 54, 53, 54, 53, 56], [85, 54, 56, 72, 77, 64, 118, 53, 54, 54, 54, 63, 54, 58, 56, 53, 55, 55, 55, 53, 55, 53, 55, 53, 55, 56, 52, 53, 54, 53, 55, 55, 53, 52, 54, 53, 54, 56, 54, 53, 54, 53, 54, 53, 54, 54], [76, 58, 56, 130, 110, 58, 55, 54, 55, 54, 55, 53, 59, 55, 57, 53, 53, 56, 53, 55, 54, 57, 52, 55, 54, 53, 54, 57, 54, 55, 54, 56, 55, 55, 53, 54, 53, 55, 53, 56, 53], [64, 61, 57, 67, 59, 54, 72, 77, 86, 62, 53, 53, 54, 55, 54, 61, 62, 57, 53, 53, 55, 53, 54, 53, 54, 54, 55, 54, 54, 54, 54, 53, 54, 57, 53, 55, 54, 53, 53, 55, 55, 53, 54, 54, 54, 52], [69, 74, 55, 61, 60, 82, 79, 67, 55, 55, 53, 55, 53, 58, 53, 53, 54, 54, 55, 55, 53, 54, 54, 55, 52, 53, 54, 55, 54, 54, 53, 54, 55, 56, 53, 53, 54, 53, 54, 52, 55, 53, 53, 53, 54, 54, 52], [78, 57, 54, 56, 55, 54, 74, 97, 94, 62, 53, 55, 53, 55, 54, 54, 55, 55, 53, 54, 55, 53, 56, 52, 57, 52, 56, 53, 55, 53, 54, 53, 54, 53, 56, 54, 53, 54, 54, 52, 56, 53, 54, 55, 54, 55, 53], [80, 71, 96, 78, 109, 95, 55, 53, 60, 54, 58, 54, 54, 54, 53, 53, 56, 52, 57, 53, 55, 52, 56, 54, 55, 53, 56, 53, 54, 55, 54, 55, 53, 54, 53, 56, 53, 54, 53, 54], [69, 68, 53, 127, 94, 60, 53, 54, 54, 71, 53, 56, 54, 54, 53, 54, 53, 54, 56, 52, 52, 54, 54, 53, 53, 54, 54, 54, 54, 53, 54, 53, 54, 54, 55, 54, 53, 53, 54, 53]]",1.0
